1,vahay,usage,A_Portcullis,0, 32, 24, 14, 8
1,vahay,usage,A_ChevalDeFrise,0, 64, 20, 14, 12
1,vahay,usage,B_Ramparts,0, 25, 24, 42, 12
1,vahay,usage,B_Moat,0, 23, 20, 31, 11
1,vahay,usage,C_Drawbridge,0, 9, 12, 24, 19
1,vahay,usage,C_SallyPort,0, 20, 34, 37, 33
1,vahay,usage,D_RoughTerrain,0, 5, 36, 6, 19
1,vahay,usage,D_RockWall,0, 10, 18, 20, 74
1,vahay,crossing,A_Portcullis,0, 43, 32, 15, 8
1,vahay,breach,A_Portcullis,0, 21, 16, 6, 4
1,vahay,crossing,A_ChevalDeFrise,0, 85, 25, 10, 20
1,vahay,breach,A_ChevalDeFrise,0, 39, 11, 5, 10
1,vahay,crossing,B_Ramparts,0, 36, 41, 75, 15
1,vahay,breach,B_Ramparts,0, 17, 18, 36, 7
1,vahay,crossing,B_Moat,0, 34, 34, 52, 19
1,vahay,breach,B_Moat,0, 17, 16, 24, 8
1,vahay,crossing,C_Drawbridge,0, 1, 3, 15, 10
1,vahay,breach,C_Drawbridge,0, 0, 1, 7, 4
1,vahay,crossing,C_SallyPort,0, 19, 33, 24, 12
1,vahay,breach,C_SallyPort,0, 6, 14, 8, 5
1,vahay,crossing,D_RoughTerrain,0, 10, 69, 12, 33
1,vahay,breach,D_RoughTerrain,0, 5, 33, 6, 16
1,vahay,crossing,D_RockWall,0, 18, 21, 31, 124
1,vahay,breach,D_RockWall,0, 9, 9, 15, 58
1,vahay,crossing,E_LowBar,337, 0, 0, 0, 0
1,vahay,breach,E_LowBar,162, 0, 0, 0, 0
1,miket,usage,A_Portcullis,0, 37, 20, 11, 7
1,miket,usage,A_ChevalDeFrise,0, 71, 24, 13, 11
1,miket,usage,B_Ramparts,0, 21, 0, 45, 15
1,miket,usage,B_Moat,0, 27, 48, 30, 8
1,miket,usage,C_Drawbridge,0, 12, 12, 13, 19
1,miket,usage,C_SallyPort,0, 10, 44, 53, 29
1,miket,usage,D_RoughTerrain,0, 3, 40, 4, 18
1,miket,usage,D_RockWall,0, 13, 4, 25, 87
1,miket,usage,NotSpecified,0, 0, 2, 0, 0
1,miket,crossing,A_Portcullis,0, 48, 28, 18, 6
1,miket,breach,A_Portcullis,0, 23, 12, 9, 3
1,miket,crossing,A_ChevalDeFrise,0, 69, 21, 13, 15
1,miket,breach,A_ChevalDeFrise,0, 31, 10, 6, 7
1,miket,crossing,B_Ramparts,0, 34, 0, 80, 27
1,miket,breach,B_Ramparts,0, 17, 0, 38, 13
1,miket,crossing,B_Moat,0, 51, 86, 47, 16
1,miket,breach,B_Moat,0, 25, 42, 21, 8
1,miket,crossing,C_Drawbridge,0, 9, 5, 11, 21
1,miket,breach,C_Drawbridge,0, 4, 2, 3, 10
1,miket,crossing,C_SallyPort,0, 17, 58, 58, 39
1,miket,breach,C_SallyPort,0, 8, 26, 25, 17
1,miket,crossing,D_RoughTerrain,0, 6, 77, 8, 33
1,miket,breach,D_RoughTerrain,0, 3, 37, 4, 15
1,miket,crossing,D_RockWall,0, 26, 8, 45, 156
1,miket,breach,D_RockWall,0, 13, 4, 22, 75
1,miket,crossing,E_LowBar,364, 0, 0, 0, 0
1,miket,breach,E_LowBar,178, 0, 0, 0, 0
1,miket,crossing,NotSpecified,0, 0, 2, 0, 0
1,miket,breach,NotSpecified,0, 0, 1, 0, 0
1,misou,usage,A_Portcullis,0, 17, 0, 12, 17
1,misou,usage,A_ChevalDeFrise,0, 48, 44, 30, 21
1,misou,usage,B_Ramparts,0, 19, 12, 22, 12
1,misou,usage,B_Moat,0, 19, 38, 39, 28
1,misou,usage,C_Drawbridge,0, 15, 12, 18, 14
1,misou,usage,C_SallyPort,0, 37, 20, 26, 36
1,misou,usage,D_RoughTerrain,0, 3, 48, 5, 7
1,misou,usage,D_RockWall,0, 31, 4, 37, 54
1,misou,usage,NotSpecified,0, 1, 12, 1, 1
1,misou,crossing,A_Portcullis,0, 25, 0, 14, 24
1,misou,breach,A_Portcullis,0, 12, 0, 6, 10
1,misou,crossing,A_ChevalDeFrise,0, 62, 55, 33, 20
1,misou,breach,A_ChevalDeFrise,0, 27, 25, 14, 8
1,misou,crossing,B_Ramparts,0, 34, 21, 29, 19
1,misou,breach,B_Ramparts,0, 16, 9, 13, 8
1,misou,crossing,B_Moat,0, 26, 71, 71, 50
1,misou,breach,B_Moat,0, 11, 34, 33, 24
1,misou,crossing,C_Drawbridge,0, 11, 6, 13, 8
1,misou,breach,C_Drawbridge,0, 5, 3, 6, 3
1,misou,crossing,C_SallyPort,0, 35, 22, 19, 33
1,misou,breach,C_SallyPort,0, 15, 11, 7, 16
1,misou,crossing,D_RoughTerrain,0, 6, 90, 10, 12
1,misou,breach,D_RoughTerrain,0, 3, 43, 5, 6
1,misou,crossing,D_RockWall,0, 55, 8, 63, 89
1,misou,breach,D_RockWall,0, 27, 4, 30, 41
1,misou,crossing,E_LowBar,352, 0, 0, 0, 0
1,misou,breach,E_LowBar,169, 0, 0, 0, 0
1,misou,crossing,NotSpecified,0, 2, 9, 0, 2
1,misou,breach,NotSpecified,0, 1, 3, 0, 1
1,mista,usage,A_Portcullis,0, 51, 8, 15, 14
1,mista,usage,A_ChevalDeFrise,0, 51, 36, 10, 11
1,mista,usage,B_Ramparts,0, 21, 38, 46, 32
1,mista,usage,B_Moat,0, 20, 12, 19, 8
1,mista,usage,C_Drawbridge,0, 10, 0, 28, 15
1,mista,usage,C_SallyPort,0, 19, 58, 47, 19
1,mista,usage,D_RoughTerrain,0, 7, 32, 6, 14
1,mista,usage,D_RockWall,0, 17, 0, 25, 83
1,mista,usage,NotSpecified,0, 0, 12, 0, 0
1,mista,crossing,A_Portcullis,0, 51, 16, 18, 21
1,mista,breach,A_Portcullis,0, 24, 8, 8, 10
1,mista,crossing,A_ChevalDeFrise,0, 76, 47, 14, 8
1,mista,breach,A_ChevalDeFrise,0, 36, 22, 7, 4
1,mista,crossing,B_Ramparts,0, 38, 66, 82, 57
1,mista,breach,B_Ramparts,0, 18, 31, 40, 28
1,mista,crossing,B_Moat,0, 39, 21, 31, 15
1,mista,breach,B_Moat,0, 19, 10, 15, 7
1,mista,crossing,C_Drawbridge,0, 4, 0, 10, 1
1,mista,breach,C_Drawbridge,0, 1, 0, 3, 0
1,mista,crossing,C_SallyPort,0, 10, 43, 25, 7
1,mista,breach,C_SallyPort,0, 4, 15, 8, 2
1,mista,crossing,D_RoughTerrain,0, 12, 64, 10, 26
1,mista,breach,D_RoughTerrain,0, 5, 32, 4, 13
1,mista,crossing,D_RockWall,0, 32, 0, 48, 153
1,mista,breach,D_RockWall,0, 15, 0, 23, 74
1,mista,crossing,E_LowBar,366, 0, 0, 0, 0
1,mista,breach,E_LowBar,178, 0, 0, 0, 0
1,mista,crossing,NotSpecified,0, 0, 21, 0, 0
1,mista,breach,NotSpecified,0, 0, 10, 0, 0
1,miwat,usage,A_Portcullis,0, 48, 24, 9, 18
1,miwat,usage,A_ChevalDeFrise,0, 37, 28, 11, 11
1,miwat,usage,B_Ramparts,0, 30, 24, 39, 8
1,miwat,usage,B_Moat,0, 24, 20, 25, 16
1,miwat,usage,C_Drawbridge,0, 7, 36, 23, 18
1,miwat,usage,C_SallyPort,0, 15, 8, 28, 51
1,miwat,usage,D_RoughTerrain,0, 3, 36, 8, 7
1,miwat,usage,D_RockWall,0, 22, 10, 43, 57
1,miwat,crossing,A_Portcullis,0, 65, 30, 9, 25
1,miwat,breach,A_Portcullis,0, 31, 14, 3, 12
1,miwat,crossing,A_ChevalDeFrise,0, 48, 30, 18, 20
1,miwat,breach,A_ChevalDeFrise,0, 21, 13, 9, 10
1,miwat,crossing,B_Ramparts,0, 57, 35, 73, 12
1,miwat,breach,B_Ramparts,0, 27, 17, 35, 6
1,miwat,crossing,B_Moat,0, 44, 36, 41, 29
1,miwat,breach,B_Moat,0, 20, 18, 19, 14
1,miwat,crossing,C_Drawbridge,0, 1, 7, 8, 6
1,miwat,breach,C_Drawbridge,0, 0, 3, 3, 2
1,miwat,crossing,C_SallyPort,0, 11, 3, 18, 28
1,miwat,breach,C_SallyPort,0, 4, 1, 7, 12
1,miwat,crossing,D_RoughTerrain,0, 6, 71, 15, 14
1,miwat,breach,D_RoughTerrain,0, 3, 35, 7, 7
1,miwat,crossing,D_RockWall,0, 37, 20, 79, 97
1,miwat,breach,D_RockWall,0, 18, 10, 38, 47
1,miwat,crossing,E_LowBar,331, 0, 0, 0, 0
1,miwat,breach,E_LowBar,161, 0, 0, 0, 0
1,pahat,usage,A_Portcullis,0, 20, 8, 18, 13
1,pahat,usage,A_ChevalDeFrise,0, 47, 36, 18, 21
1,pahat,usage,B_Ramparts,0, 29, 24, 26, 23
1,pahat,usage,B_Moat,0, 18, 26, 22, 15
1,pahat,usage,C_Drawbridge,0, 22, 20, 20, 22
1,pahat,usage,C_SallyPort,0, 14, 24, 27, 32
1,pahat,usage,D_RoughTerrain,0, 8, 40, 8, 14
1,pahat,usage,D_RockWall,0, 23, 6, 42, 41
1,pahat,usage,NotSpecified,0, 3, 0, 3, 3
1,pahat,crossing,A_Portcullis,0, 24, 13, 26, 16
1,pahat,breach,A_Portcullis,0, 11, 5, 12, 7
1,pahat,crossing,A_ChevalDeFrise,0, 57, 42, 19, 33
1,pahat,breach,A_ChevalDeFrise,0, 26, 17, 8, 14
1,pahat,crossing,B_Ramparts,0, 45, 35, 39, 33
1,pahat,breach,B_Ramparts,0, 22, 17, 18, 15
1,pahat,crossing,B_Moat,0, 32, 48, 36, 20
1,pahat,breach,B_Moat,0, 16, 23, 18, 8
1,pahat,crossing,C_Drawbridge,0, 8, 5, 5, 14
1,pahat,breach,C_Drawbridge,0, 3, 1, 2, 6
1,pahat,crossing,C_SallyPort,0, 18, 29, 30, 32
1,pahat,breach,C_SallyPort,0, 8, 13, 10, 14
1,pahat,crossing,D_RoughTerrain,0, 14, 77, 16, 28
1,pahat,breach,D_RoughTerrain,0, 7, 37, 8, 14
1,pahat,crossing,D_RockWall,0, 38, 12, 81, 71
1,pahat,breach,D_RockWall,0, 18, 6, 39, 34
1,pahat,crossing,E_LowBar,348, 0, 0, 0, 0
1,pahat,breach,E_LowBar,171, 0, 0, 0, 0
1,pahat,crossing,NotSpecified,0, 2, 0, 6, 6
1,pahat,breach,NotSpecified,0, 1, 0, 3, 3
1,njfla,usage,A_Portcullis,0, 21, 8, 14, 17
1,njfla,usage,A_ChevalDeFrise,0, 30, 36, 29, 35
1,njfla,usage,B_Ramparts,0, 10, 12, 32, 32
1,njfla,usage,B_Moat,0, 25, 34, 25, 20
1,njfla,usage,C_Drawbridge,0, 20, 10, 20, 12
1,njfla,usage,C_SallyPort,0, 31, 36, 37, 24
1,njfla,usage,D_RoughTerrain,0, 10, 18, 5, 4
1,njfla,usage,D_RockWall,0, 43, 36, 28, 46
1,njfla,crossing,A_Portcullis,0, 27, 16, 23, 25
1,njfla,breach,A_Portcullis,0, 13, 8, 11, 11
1,njfla,crossing,A_ChevalDeFrise,0, 36, 42, 33, 47
1,njfla,breach,A_ChevalDeFrise,0, 17, 19, 15, 22
1,njfla,crossing,B_Ramparts,0, 20, 20, 56, 60
1,njfla,breach,B_Ramparts,0, 10, 10, 27, 29
1,njfla,crossing,B_Moat,0, 48, 60, 46, 31
1,njfla,breach,B_Moat,0, 24, 28, 22, 14
1,njfla,crossing,C_Drawbridge,0, 13, 1, 1, 1
1,njfla,breach,C_Drawbridge,0, 5, 0, 0, 0
1,njfla,crossing,C_SallyPort,0, 27, 40, 35, 20
1,njfla,breach,C_SallyPort,0, 12, 18, 16, 9
1,njfla,crossing,D_RoughTerrain,0, 19, 34, 10, 8
1,njfla,breach,D_RoughTerrain,0, 9, 16, 5, 4
1,njfla,crossing,D_RockWall,0, 68, 53, 52, 75
1,njfla,breach,D_RockWall,0, 32, 25, 25, 34
1,njfla,crossing,E_LowBar,353, 0, 0, 0, 0
1,njfla,breach,E_LowBar,171, 0, 0, 0, 0
1,ncmcl,usage,A_Portcullis,0, 27, 18, 13, 8
1,ncmcl,usage,A_ChevalDeFrise,0, 36, 21, 18, 11
1,ncmcl,usage,B_Ramparts,0, 14, 10, 25, 11
1,ncmcl,usage,B_Moat,0, 18, 32, 21, 21
1,ncmcl,usage,C_Drawbridge,0, 20, 20, 18, 11
1,ncmcl,usage,C_SallyPort,0, 16, 14, 31, 22
1,ncmcl,usage,D_RoughTerrain,0, 3, 19, 6, 15
1,ncmcl,usage,D_RockWall,0, 18, 18, 20, 53
1,ncmcl,crossing,A_Portcullis,0, 31, 25, 18, 6
1,ncmcl,breach,A_Portcullis,0, 15, 12, 9, 3
1,ncmcl,crossing,A_ChevalDeFrise,0, 45, 29, 32, 16
1,ncmcl,breach,A_ChevalDeFrise,0, 21, 13, 15, 8
1,ncmcl,crossing,B_Ramparts,0, 24, 16, 38, 16
1,ncmcl,breach,B_Ramparts,0, 12, 7, 16, 7
1,ncmcl,crossing,B_Moat,0, 34, 59, 30, 37
1,ncmcl,breach,B_Moat,0, 16, 29, 14, 18
1,ncmcl,crossing,C_Drawbridge,0, 5, 6, 2, 2
1,ncmcl,breach,C_Drawbridge,0, 2, 2, 0, 1
1,ncmcl,crossing,C_SallyPort,0, 11, 7, 10, 10
1,ncmcl,breach,C_SallyPort,0, 4, 2, 4, 3
1,ncmcl,crossing,D_RoughTerrain,0, 3, 34, 10, 28
1,ncmcl,breach,D_RoughTerrain,0, 1, 16, 5, 14
1,ncmcl,crossing,D_RockWall,0, 35, 26, 32, 84
1,ncmcl,breach,D_RockWall,0, 17, 11, 16, 38
1,ncmcl,crossing,E_LowBar,284, 0, 0, 0, 0
1,ncmcl,breach,E_LowBar,137, 0, 0, 0, 0
1,nhgrs,usage,A_Portcullis,0, 25, 0, 7, 9
1,nhgrs,usage,A_ChevalDeFrise,0, 44, 44, 13, 20
1,nhgrs,usage,B_Ramparts,0, 15, 18, 41, 25
1,nhgrs,usage,B_Moat,0, 17, 20, 15, 9
1,nhgrs,usage,C_Drawbridge,0, 14, 0, 10, 13
1,nhgrs,usage,C_SallyPort,0, 25, 40, 33, 29
1,nhgrs,usage,D_RoughTerrain,0, 7, 30, 13, 11
1,nhgrs,usage,D_RockWall,0, 15, 10, 30, 46
1,nhgrs,crossing,A_Portcullis,0, 30, 0, 12, 12
1,nhgrs,breach,A_Portcullis,0, 14, 0, 6, 6
1,nhgrs,crossing,A_ChevalDeFrise,0, 57, 43, 19, 23
1,nhgrs,breach,A_ChevalDeFrise,0, 26, 19, 9, 11
1,nhgrs,crossing,B_Ramparts,0, 26, 31, 71, 43
1,nhgrs,breach,B_Ramparts,0, 12, 15, 34, 20
1,nhgrs,crossing,B_Moat,0, 29, 32, 21, 15
1,nhgrs,breach,B_Moat,0, 14, 15, 10, 7
1,nhgrs,crossing,C_Drawbridge,0, 3, 0, 1, 2
1,nhgrs,breach,C_Drawbridge,0, 1, 0, 0, 0
1,nhgrs,crossing,C_SallyPort,0, 7, 18, 13, 9
1,nhgrs,breach,C_SallyPort,0, 2, 7, 5, 4
1,nhgrs,crossing,D_RoughTerrain,0, 14, 60, 25, 22
1,nhgrs,breach,D_RoughTerrain,0, 7, 30, 12, 11
1,nhgrs,crossing,D_RockWall,0, 27, 16, 43, 85
1,nhgrs,breach,D_RockWall,0, 13, 7, 19, 41
1,nhgrs,crossing,E_LowBar,305, 0, 0, 0, 0
1,nhgrs,breach,E_LowBar,148, 0, 0, 0, 0
1,ctwat,usage,A_Portcullis,0, 38, 20, 11, 11
1,ctwat,usage,A_ChevalDeFrise,0, 46, 24, 20, 14
1,ctwat,usage,B_Ramparts,0, 26, 36, 28, 24
1,ctwat,usage,B_Moat,0, 18, 12, 24, 16
1,ctwat,usage,C_Drawbridge,0, 8, 28, 20, 9
1,ctwat,usage,C_SallyPort,0, 23, 20, 35, 41
1,ctwat,usage,D_RoughTerrain,0, 5, 36, 3, 9
1,ctwat,usage,D_RockWall,0, 20, 8, 43, 60
1,ctwat,crossing,A_Portcullis,0, 43, 28, 11, 6
1,ctwat,breach,A_Portcullis,0, 19, 14, 5, 3
1,ctwat,crossing,A_ChevalDeFrise,0, 46, 19, 25, 16
1,ctwat,breach,A_ChevalDeFrise,0, 20, 7, 9, 7
1,ctwat,crossing,B_Ramparts,0, 47, 67, 53, 41
1,ctwat,breach,B_Ramparts,0, 22, 32, 26, 19
1,ctwat,crossing,B_Moat,0, 31, 23, 39, 29
1,ctwat,breach,B_Moat,0, 14, 11, 18, 14
1,ctwat,crossing,C_Drawbridge,0, 5, 16, 6, 2
1,ctwat,breach,C_Drawbridge,0, 2, 8, 1, 1
1,ctwat,crossing,C_SallyPort,0, 13, 14, 27, 27
1,ctwat,breach,C_SallyPort,0, 4, 5, 10, 11
1,ctwat,crossing,D_RoughTerrain,0, 10, 72, 6, 15
1,ctwat,breach,D_RoughTerrain,0, 5, 36, 3, 7
1,ctwat,crossing,D_RockWall,0, 37, 16, 81, 107
1,ctwat,breach,D_RockWall,0, 17, 8, 40, 52
1,ctwat,crossing,E_LowBar,336, 0, 0, 0, 0
1,ctwat,breach,E_LowBar,164, 0, 0, 0, 0
1,waamv,usage,A_Portcullis,0, 15, 0, 11, 14
1,waamv,usage,A_ChevalDeFrise,0, 46, 52, 30, 20
1,waamv,usage,B_Ramparts,0, 23, 0, 24, 27
1,waamv,usage,B_Moat,0, 16, 44, 30, 24
1,waamv,usage,C_Drawbridge,0, 19, 0, 8, 18
1,waamv,usage,C_SallyPort,0, 33, 48, 26, 36
1,waamv,usage,D_RoughTerrain,0, 6, 0, 7, 6
1,waamv,usage,D_RockWall,0, 30, 44, 52, 43
1,waamv,crossing,A_Portcullis,0, 23, 0, 12, 21
1,waamv,breach,A_Portcullis,0, 11, 0, 5, 10
1,waamv,crossing,A_ChevalDeFrise,0, 57, 70, 41, 24
1,waamv,breach,A_ChevalDeFrise,0, 26, 32, 19, 11
1,waamv,crossing,B_Ramparts,0, 46, 0, 44, 48
1,waamv,breach,B_Ramparts,0, 23, 0, 21, 24
1,waamv,crossing,B_Moat,0, 32, 78, 53, 40
1,waamv,breach,B_Moat,0, 16, 38, 26, 17
1,waamv,crossing,C_Drawbridge,0, 3, 0, 1, 2
1,waamv,breach,C_Drawbridge,0, 1, 0, 0, 1
1,waamv,crossing,C_SallyPort,0, 27, 26, 19, 15
1,waamv,breach,C_SallyPort,0, 12, 9, 7, 5
1,waamv,crossing,D_RoughTerrain,0, 12, 0, 12, 12
1,waamv,breach,D_RoughTerrain,0, 6, 0, 6, 6
1,waamv,crossing,D_RockWall,0, 55, 84, 94, 81
1,waamv,breach,D_RockWall,0, 27, 40, 46, 40
1,waamv,crossing,E_LowBar,346, 0, 0, 0, 0
1,waamv,breach,E_LowBar,168, 0, 0, 0, 0
1,waspo,usage,A_Portcullis,0, 36, 10, 13, 7
1,waspo,usage,A_ChevalDeFrise,0, 37, 30, 18, 17
1,waspo,usage,B_Ramparts,0, 17, 50, 37, 31
1,waspo,usage,B_Moat,0, 9, 0, 17, 7
1,waspo,usage,C_Drawbridge,0, 13, 26, 20, 19
1,waspo,usage,C_SallyPort,0, 26, 14, 31, 19
1,waspo,usage,D_RoughTerrain,0, 1, 36, 7, 9
1,waspo,usage,D_RockWall,0, 29, 0, 25, 59
1,waspo,usage,NotSpecified,0, 0, 2, 0, 0
1,waspo,crossing,A_Portcullis,0, 32, 8, 4, 2
1,waspo,breach,A_Portcullis,0, 15, 4, 2, 1
1,waspo,crossing,A_ChevalDeFrise,0, 31, 26, 23, 22
1,waspo,breach,A_ChevalDeFrise,0, 15, 11, 10, 11
1,waspo,crossing,B_Ramparts,0, 23, 81, 48, 47
1,waspo,breach,B_Ramparts,0, 11, 38, 21, 21
1,waspo,crossing,B_Moat,0, 14, 0, 26, 13
1,waspo,breach,B_Moat,0, 6, 0, 12, 6
1,waspo,crossing,C_Drawbridge,0, 3, 2, 4, 12
1,waspo,breach,C_Drawbridge,0, 1, 0, 1, 5
1,waspo,crossing,C_SallyPort,0, 12, 8, 12, 14
1,waspo,breach,C_SallyPort,0, 4, 2, 4, 4
1,waspo,crossing,D_RoughTerrain,0, 1, 63, 13, 11
1,waspo,breach,D_RoughTerrain,0, 0, 31, 6, 4
1,waspo,crossing,D_RockWall,0, 34, 0, 39, 60
1,waspo,breach,D_RockWall,0, 15, 0, 18, 25
1,waspo,crossing,E_LowBar,295, 0, 0, 0, 0
1,waspo,breach,E_LowBar,144, 0, 0, 0, 0
1,waspo,crossing,NotSpecified,0, 0, 4, 0, 0
1,waspo,breach,NotSpecified,0, 0, 2, 0, 0
1,onto2,usage,A_Portcullis,0, 17, 20, 13, 6
1,onto2,usage,A_ChevalDeFrise,0, 58, 24, 18, 12
1,onto2,usage,B_Ramparts,0, 30, 28, 45, 23
1,onto2,usage,B_Moat,0, 13, 6, 17, 6
1,onto2,usage,C_Drawbridge,0, 6, 0, 15, 10
1,onto2,usage,C_SallyPort,0, 28, 44, 38, 27
1,onto2,usage,D_RoughTerrain,0, 6, 36, 3, 11
1,onto2,usage,D_RockWall,0, 10, 10, 19, 73
1,onto2,crossing,A_Portcullis,0, 22, 32, 22, 11
1,onto2,breach,A_Portcullis,0, 11, 16, 11, 5
1,onto2,crossing,A_ChevalDeFrise,0, 84, 35, 33, 19
1,onto2,breach,A_ChevalDeFrise,0, 39, 17, 15, 9
1,onto2,crossing,B_Ramparts,0, 58, 53, 79, 44
1,onto2,breach,B_Ramparts,0, 28, 26, 37, 22
1,onto2,crossing,B_Moat,0, 24, 12, 34, 12
1,onto2,breach,B_Moat,0, 12, 6, 17, 6
1,onto2,crossing,C_Drawbridge,0, 0, 0, 2, 0
1,onto2,breach,C_Drawbridge,0, 0, 0, 0, 0
1,onto2,crossing,C_SallyPort,0, 10, 14, 16, 15
1,onto2,breach,C_SallyPort,0, 2, 6, 6, 3
1,onto2,crossing,D_RoughTerrain,0, 12, 70, 6, 18
1,onto2,breach,D_RoughTerrain,0, 6, 34, 3, 9
1,onto2,crossing,D_RockWall,0, 20, 20, 35, 134
1,onto2,breach,D_RockWall,0, 10, 10, 17, 65
1,onto2,crossing,E_LowBar,321, 0, 0, 0, 0
1,onto2,breach,E_LowBar,156, 0, 0, 0, 0
1,mndu,usage,A_Portcullis,0, 16, 24, 10, 10
1,mndu,usage,A_ChevalDeFrise,0, 66, 26, 30, 18
1,mndu,usage,B_Ramparts,0, 19, 0, 39, 32
1,mndu,usage,B_Moat,0, 12, 48, 34, 18
1,mndu,usage,C_Drawbridge,0, 16, 20, 15, 14
1,mndu,usage,C_SallyPort,0, 29, 32, 39, 37
1,mndu,usage,D_RoughTerrain,0, 1, 30, 2, 4
1,mndu,usage,D_RockWall,0, 43, 20, 33, 69
1,mndu,usage,NotSpecified,0, 0, 2, 0, 0
1,mndu,crossing,A_Portcullis,0, 20, 34, 13, 6
1,mndu,breach,A_Portcullis,0, 10, 16, 6, 3
1,mndu,crossing,A_ChevalDeFrise,0, 94, 28, 26, 19
1,mndu,breach,A_ChevalDeFrise,0, 45, 11, 11, 8
1,mndu,crossing,B_Ramparts,0, 26, 0, 65, 53
1,mndu,breach,B_Ramparts,0, 11, 0, 29, 24
1,mndu,crossing,B_Moat,0, 15, 67, 64, 31
1,mndu,breach,B_Moat,0, 6, 30, 31, 14
1,mndu,crossing,C_Drawbridge,0, 7, 8, 8, 10
1,mndu,breach,C_Drawbridge,0, 3, 3, 3, 3
1,mndu,crossing,C_SallyPort,0, 22, 36, 35, 29
1,mndu,breach,C_SallyPort,0, 9, 17, 16, 10
1,mndu,crossing,D_RoughTerrain,0, 2, 59, 4, 8
1,mndu,breach,D_RoughTerrain,0, 1, 29, 2, 4
1,mndu,crossing,D_RockWall,0, 57, 33, 58, 106
1,mndu,breach,D_RockWall,0, 25, 15, 28, 48
1,mndu,crossing,E_LowBar,385, 0, 0, 0, 0
1,mndu,breach,E_LowBar,187, 0, 0, 0, 0
1,mndu,crossing,NotSpecified,0, 0, 0, 0, 0
1,mndu,breach,NotSpecified,0, 0, 0, 0, 0
1,mndu2,usage,A_Portcullis,0, 36, 24, 12, 10
1,mndu2,usage,A_ChevalDeFrise,0, 52, 20, 23, 13
1,mndu2,usage,B_Ramparts,0, 17, 40, 39, 26
1,mndu2,usage,B_Moat,0, 12, 8, 25, 23
1,mndu2,usage,C_Drawbridge,0, 14, 0, 15, 18
1,mndu2,usage,C_SallyPort,0, 31, 48, 41, 21
1,mndu2,usage,D_RoughTerrain,0, 1, 26, 1, 3
1,mndu2,usage,D_RockWall,0, 27, 20, 34, 76
1,mndu2,usage,NotSpecified,0, 0, 4, 0, 0
1,mndu2,crossing,A_Portcullis,0, 40, 35, 18, 14
1,mndu2,breach,A_Portcullis,0, 19, 17, 8, 6
1,mndu2,crossing,A_ChevalDeFrise,0, 59, 20, 27, 14
1,mndu2,breach,A_ChevalDeFrise,0, 25, 9, 12, 6
1,mndu2,crossing,B_Ramparts,0, 26, 69, 72, 49
1,mndu2,breach,B_Ramparts,0, 12, 33, 35, 24
1,mndu2,crossing,B_Moat,0, 21, 15, 42, 39
1,mndu2,breach,B_Moat,0, 10, 7, 19, 19
1,mndu2,crossing,C_Drawbridge,0, 9, 0, 15, 10
1,mndu2,breach,C_Drawbridge,0, 4, 0, 6, 3
1,mndu2,crossing,C_SallyPort,0, 35, 46, 24, 16
1,mndu2,breach,C_SallyPort,0, 15, 19, 10, 7
1,mndu2,crossing,D_RoughTerrain,0, 2, 49, 2, 6
1,mndu2,breach,D_RoughTerrain,0, 1, 24, 1, 3
1,mndu2,crossing,D_RockWall,0, 40, 33, 60, 129
1,mndu2,breach,D_RockWall,0, 19, 16, 29, 63
1,mndu2,crossing,E_LowBar,350, 0, 0, 0, 0
1,mndu2,breach,E_LowBar,171, 0, 0, 0, 0
1,mndu2,crossing,NotSpecified,0, 0, 8, 0, 0
1,mndu2,breach,NotSpecified,0, 0, 4, 0, 0
1,scmb,usage,A_Portcullis,0, 35, 18, 15, 18
1,scmb,usage,A_ChevalDeFrise,0, 42, 38, 23, 13
1,scmb,usage,B_Ramparts,0, 16, 20, 26, 17
1,scmb,usage,B_Moat,0, 30, 28, 38, 23
1,scmb,usage,C_Drawbridge,0, 7, 30, 21, 20
1,scmb,usage,C_SallyPort,0, 32, 20, 37, 31
1,scmb,usage,D_RoughTerrain,0, 6, 48, 9, 16
1,scmb,usage,D_RockWall,0, 30, 0, 29, 60
1,scmb,usage,NotSpecified,0, 6, 2, 6, 6
1,scmb,crossing,A_Portcullis,0, 44, 25, 22, 20
1,scmb,breach,A_Portcullis,0, 20, 12, 10, 7
1,scmb,crossing,A_ChevalDeFrise,0, 52, 26, 23, 13
1,scmb,breach,A_ChevalDeFrise,0, 25, 11, 10, 6
1,scmb,crossing,B_Ramparts,0, 24, 32, 51, 28
1,scmb,breach,B_Ramparts,0, 10, 14, 25, 14
1,scmb,crossing,B_Moat,0, 50, 48, 68, 32
1,scmb,breach,B_Moat,0, 23, 21, 31, 14
1,scmb,crossing,C_Drawbridge,0, 1, 11, 14, 6
1,scmb,breach,C_Drawbridge,0, 0, 4, 5, 2
1,scmb,crossing,C_SallyPort,0, 23, 8, 19, 22
1,scmb,breach,C_SallyPort,0, 9, 3, 8, 7
1,scmb,crossing,D_RoughTerrain,0, 12, 93, 18, 31
1,scmb,breach,D_RoughTerrain,0, 6, 46, 9, 15
1,scmb,crossing,D_RockWall,0, 47, 0, 43, 89
1,scmb,breach,D_RockWall,0, 23, 0, 19, 43
1,scmb,crossing,E_LowBar,370, 0, 0, 0, 0
1,scmb,breach,E_LowBar,177, 0, 0, 0, 0
1,scmb,crossing,NotSpecified,0, 6, 2, 10, 9
1,scmb,breach,NotSpecified,0, 3, 1, 5, 4
1,casd,usage,A_Portcullis,0, 25, 52, 12, 12
1,casd,usage,A_ChevalDeFrise,0, 58, 0, 27, 28
1,casd,usage,B_Ramparts,0, 27, 0, 46, 20
1,casd,usage,B_Moat,0, 21, 48, 34, 18
1,casd,usage,C_Drawbridge,0, 15, 0, 16, 16
1,casd,usage,C_SallyPort,0, 22, 66, 45, 34
1,casd,usage,D_RoughTerrain,0, 20, 20, 9, 20
1,casd,usage,D_RockWall,0, 26, 28, 25, 66
1,casd,crossing,A_Portcullis,0, 33, 79, 17, 16
1,casd,breach,A_Portcullis,0, 16, 36, 8, 7
1,casd,crossing,A_ChevalDeFrise,0, 73, 0, 34, 28
1,casd,breach,A_ChevalDeFrise,0, 36, 0, 15, 12
1,casd,crossing,B_Ramparts,0, 49, 0, 78, 31
1,casd,breach,B_Ramparts,0, 23, 0, 36, 13
1,casd,crossing,B_Moat,0, 38, 80, 55, 27
1,casd,breach,B_Moat,0, 18, 38, 26, 12
1,casd,crossing,C_Drawbridge,0, 11, 0, 5, 7
1,casd,breach,C_Drawbridge,0, 5, 0, 2, 3
1,casd,crossing,C_SallyPort,0, 15, 56, 26, 19
1,casd,breach,C_SallyPort,0, 6, 23, 9, 9
1,casd,crossing,D_RoughTerrain,0, 40, 40, 16, 34
1,casd,breach,D_RoughTerrain,0, 20, 20, 7, 15
1,casd,crossing,D_RockWall,0, 44, 46, 45, 121
1,casd,breach,D_RockWall,0, 22, 22, 22, 59
1,casd,crossing,E_LowBar,382, 0, 0, 0, 0
1,casd,breach,E_LowBar,185, 0, 0, 0, 0
2,mdbet,usage,A_Portcullis,0, 22, 12, 12, 4
2,mdbet,usage,A_ChevalDeFrise,0, 38, 32, 26, 18
2,mdbet,usage,B_Ramparts,0, 19, 22, 24, 19
2,mdbet,usage,B_Moat,0, 20, 22, 14, 24
2,mdbet,usage,C_Drawbridge,0, 16, 12, 21, 18
2,mdbet,usage,C_SallyPort,0, 22, 24, 31, 20
2,mdbet,usage,D_RoughTerrain,0, 4, 16, 5, 5
2,mdbet,usage,D_RockWall,0, 23, 24, 31, 56
2,mdbet,crossing,A_Portcullis,0, 32, 14, 15, 6
2,mdbet,breach,A_Portcullis,0, 15, 6, 7, 3
2,mdbet,crossing,A_ChevalDeFrise,0, 42, 30, 28, 16
2,mdbet,breach,A_ChevalDeFrise,0, 20, 14, 13, 6
2,mdbet,crossing,B_Ramparts,0, 36, 38, 39, 33
2,mdbet,breach,B_Ramparts,0, 18, 18, 19, 16
2,mdbet,crossing,B_Moat,0, 27, 36, 21, 39
2,mdbet,breach,B_Moat,0, 12, 16, 10, 18
2,mdbet,crossing,C_Drawbridge,0, 6, 7, 15, 8
2,mdbet,breach,C_Drawbridge,0, 2, 3, 5, 2
2,mdbet,crossing,C_SallyPort,0, 16, 19, 26, 26
2,mdbet,breach,C_SallyPort,0, 7, 9, 11, 12
2,mdbet,crossing,D_RoughTerrain,0, 8, 31, 10, 10
2,mdbet,breach,D_RoughTerrain,0, 4, 15, 5, 5
2,mdbet,crossing,D_RockWall,0, 42, 39, 50, 89
2,mdbet,breach,D_RockWall,0, 20, 19, 23, 41
2,mdbet,crossing,E_LowBar,306, 0, 0, 0, 0
2,mdbet,breach,E_LowBar,147, 0, 0, 0, 0
2,vabla,usage,A_Portcullis,0, 15, 10, 17, 12
2,vabla,usage,A_ChevalDeFrise,0, 40, 38, 21, 15
2,vabla,usage,B_Ramparts,0, 14, 20, 34, 18
2,vabla,usage,B_Moat,0, 20, 20, 23, 19
2,vabla,usage,C_Drawbridge,0, 12, 10, 11, 14
2,vabla,usage,C_SallyPort,0, 30, 28, 31, 32
2,vabla,usage,D_RoughTerrain,0, 10, 10, 5, 12
2,vabla,usage,D_RockWall,0, 27, 32, 26, 46
2,vabla,crossing,A_Portcullis,0, 20, 15, 32, 16
2,vabla,breach,A_Portcullis,0, 10, 7, 16, 7
2,vabla,crossing,A_ChevalDeFrise,0, 60, 43, 30, 20
2,vabla,breach,A_ChevalDeFrise,0, 28, 19, 15, 9
2,vabla,crossing,B_Ramparts,0, 21, 33, 62, 32
2,vabla,breach,B_Ramparts,0, 10, 15, 29, 15
2,vabla,crossing,B_Moat,0, 34, 37, 37, 38
2,vabla,breach,B_Moat,0, 15, 18, 18, 19
2,vabla,crossing,C_Drawbridge,0, 10, 5, 3, 9
2,vabla,breach,C_Drawbridge,0, 4, 2, 1, 4
2,vabla,crossing,C_SallyPort,0, 14, 26, 24, 19
2,vabla,breach,C_SallyPort,0, 6, 12, 11, 7
2,vabla,crossing,D_RoughTerrain,0, 16, 20, 10, 22
2,vabla,breach,D_RoughTerrain,0, 8, 10, 5, 11
2,vabla,crossing,D_RockWall,0, 47, 59, 47, 85
2,vabla,breach,D_RockWall,0, 23, 29, 23, 42
2,vabla,crossing,E_LowBar,317, 0, 0, 0, 0
2,vabla,breach,E_LowBar,154, 0, 0, 0, 0
2,mike2,usage,A_Portcullis,0, 23, 0, 15, 10
2,mike2,usage,A_ChevalDeFrise,0, 53, 44, 25, 23
2,mike2,usage,B_Ramparts,0, 18, 32, 30, 17
2,mike2,usage,B_Moat,0, 22, 12, 41, 21
2,mike2,usage,C_Drawbridge,0, 12, 8, 15, 24
2,mike2,usage,C_SallyPort,0, 25, 48, 30, 31
2,mike2,usage,D_RoughTerrain,0, 8, 38, 4, 7
2,mike2,usage,D_RockWall,0, 32, 12, 33, 60
2,mike2,usage,NotSpecified,0, 1, 0, 1, 1
2,mike2,crossing,A_Portcullis,0, 28, 0, 18, 11
2,mike2,breach,A_Portcullis,0, 12, 0, 8, 5
2,mike2,crossing,A_ChevalDeFrise,0, 69, 61, 36, 32
2,mike2,breach,A_ChevalDeFrise,0, 31, 28, 17, 14
2,mike2,crossing,B_Ramparts,0, 31, 64, 57, 29
2,mike2,breach,B_Ramparts,0, 14, 32, 28, 14
2,mike2,crossing,B_Moat,0, 43, 21, 77, 41
2,mike2,breach,B_Moat,0, 21, 9, 37, 20
2,mike2,crossing,C_Drawbridge,0, 6, 3, 10, 11
2,mike2,breach,C_Drawbridge,0, 3, 1, 4, 2
2,mike2,crossing,C_SallyPort,0, 34, 59, 34, 38
2,mike2,breach,C_SallyPort,0, 16, 25, 15, 16
2,mike2,crossing,D_RoughTerrain,0, 16, 75, 8, 14
2,mike2,breach,D_RoughTerrain,0, 8, 37, 4, 7
2,mike2,crossing,D_RockWall,0, 62, 22, 63, 106
2,mike2,breach,D_RockWall,0, 30, 11, 31, 51
2,mike2,crossing,E_LowBar,379, 0, 0, 0, 0
2,mike2,breach,E_LowBar,187, 0, 0, 0, 0
2,mike2,crossing,NotSpecified,0, 0, 0, 2, 2
2,mike2,breach,NotSpecified,0, 0, 0, 1, 1
2,milak,usage,A_Portcullis,0, 17, 0, 9, 16
2,milak,usage,A_ChevalDeFrise,0, 48, 44, 39, 21
2,milak,usage,B_Ramparts,0, 32, 24, 29, 28
2,milak,usage,B_Moat,0, 16, 24, 31, 10
2,milak,usage,C_Drawbridge,0, 12, 12, 6, 13
2,milak,usage,C_SallyPort,0, 26, 46, 31, 48
2,milak,usage,D_RoughTerrain,0, 3, 44, 7, 5
2,milak,usage,D_RockWall,0, 40, 0, 42, 53
2,milak,crossing,A_Portcullis,0, 24, 0, 12, 22
2,milak,breach,A_Portcullis,0, 12, 0, 6, 11
2,milak,crossing,A_ChevalDeFrise,0, 61, 53, 45, 29
2,milak,breach,A_ChevalDeFrise,0, 27, 24, 21, 13
2,milak,crossing,B_Ramparts,0, 57, 43, 50, 45
2,milak,breach,B_Ramparts,0, 27, 20, 23, 20
2,milak,crossing,B_Moat,0, 24, 41, 58, 17
2,milak,breach,B_Moat,0, 11, 18, 29, 8
2,milak,crossing,C_Drawbridge,0, 4, 4, 4, 6
2,milak,breach,C_Drawbridge,0, 2, 1, 2, 2
2,milak,crossing,C_SallyPort,0, 24, 44, 39, 49
2,milak,breach,C_SallyPort,0, 9, 19, 16, 23
2,milak,crossing,D_RoughTerrain,0, 6, 81, 9, 10
2,milak,breach,D_RoughTerrain,0, 3, 40, 4, 5
2,milak,crossing,D_RockWall,0, 68, 0, 75, 88
2,milak,breach,D_RockWall,0, 32, 0, 37, 41
2,milak,crossing,E_LowBar,372, 0, 0, 0, 0
2,milak,breach,E_LowBar,183, 0, 0, 0, 0
2,misjo,usage,A_Portcullis,0, 31, 0, 11, 9
2,misjo,usage,A_ChevalDeFrise,0, 59, 58, 18, 12
2,misjo,usage,B_Ramparts,0, 23, 0, 53, 34
2,misjo,usage,B_Moat,0, 11, 48, 14, 15
2,misjo,usage,C_Drawbridge,0, 19, 0, 11, 14
2,misjo,usage,C_SallyPort,0, 28, 44, 38, 44
2,misjo,usage,D_RoughTerrain,0, 6, 48, 7, 9
2,misjo,usage,D_RockWall,0, 21, 0, 46, 61
2,misjo,crossing,A_Portcullis,0, 50, 0, 19, 13
2,misjo,breach,A_Portcullis,0, 25, 0, 9, 6
2,misjo,crossing,A_ChevalDeFrise,0, 70, 80, 23, 15
2,misjo,breach,A_ChevalDeFrise,0, 34, 38, 11, 7
2,misjo,crossing,B_Ramparts,0, 43, 0, 97, 56
2,misjo,breach,B_Ramparts,0, 20, 0, 48, 25
2,misjo,crossing,B_Moat,0, 22, 83, 28, 30
2,misjo,breach,B_Moat,0, 11, 40, 14, 15
2,misjo,crossing,C_Drawbridge,0, 6, 0, 1, 0
2,misjo,breach,C_Drawbridge,0, 3, 0, 0, 0
2,misjo,crossing,C_SallyPort,0, 31, 42, 49, 43
2,misjo,breach,C_SallyPort,0, 15, 20, 20, 18
2,misjo,crossing,D_RoughTerrain,0, 12, 95, 14, 17
2,misjo,breach,D_RoughTerrain,0, 6, 47, 7, 8
2,misjo,crossing,D_RockWall,0, 37, 0, 87, 107
2,misjo,breach,D_RockWall,0, 18, 0, 42, 50
2,misjo,crossing,E_LowBar,388, 0, 0, 0, 0
2,misjo,breach,E_LowBar,191, 0, 0, 0, 0
2,inwla,usage,A_Portcullis,0, 27, 0, 8, 7
2,inwla,usage,A_ChevalDeFrise,0, 54, 48, 27, 17
2,inwla,usage,B_Ramparts,0, 7, 12, 29, 26
2,inwla,usage,B_Moat,0, 20, 34, 38, 22
2,inwla,usage,C_Drawbridge,0, 10, 12, 6, 10
2,inwla,usage,C_SallyPort,0, 40, 38, 45, 27
2,inwla,usage,D_RoughTerrain,0, 2, 36, 2, 7
2,inwla,usage,D_RockWall,0, 28, 8, 33, 72
2,inwla,crossing,A_Portcullis,0, 50, 0, 14, 9
2,inwla,breach,A_Portcullis,0, 25, 0, 7, 4
2,inwla,crossing,A_ChevalDeFrise,0, 86, 80, 46, 25
2,inwla,breach,A_ChevalDeFrise,0, 40, 38, 22, 11
2,inwla,crossing,B_Ramparts,0, 14, 24, 55, 43
2,inwla,breach,B_Ramparts,0, 7, 12, 27, 21
2,inwla,crossing,B_Moat,0, 37, 67, 75, 33
2,inwla,breach,B_Moat,0, 18, 33, 37, 16
2,inwla,crossing,C_Drawbridge,0, 6, 6, 2, 9
2,inwla,breach,C_Drawbridge,0, 3, 2, 1, 4
2,inwla,crossing,C_SallyPort,0, 29, 14, 31, 24
2,inwla,breach,C_SallyPort,0, 12, 5, 14, 9
2,inwla,crossing,D_RoughTerrain,0, 4, 71, 4, 14
2,inwla,breach,D_RoughTerrain,0, 2, 35, 2, 7
2,inwla,crossing,D_RockWall,0, 54, 16, 64, 134
2,inwla,breach,D_RockWall,0, 26, 8, 31, 64
2,inwla,crossing,E_LowBar,360, 0, 0, 0, 0
2,inwla,breach,E_LowBar,176, 0, 0, 0, 0
2,ncral,usage,A_Portcullis,0, 24, 38, 4, 15
2,ncral,usage,A_ChevalDeFrise,0, 36, 0, 21, 24
2,ncral,usage,B_Ramparts,0, 18, 14, 37, 14
2,ncral,usage,B_Moat,0, 11, 30, 28, 10
2,ncral,usage,C_Drawbridge,0, 12, 20, 16, 19
2,ncral,usage,C_SallyPort,0, 19, 18, 35, 23
2,ncral,usage,D_RoughTerrain,0, 5, 10, 5, 10
2,ncral,usage,D_RockWall,0, 37, 32, 16, 47
2,ncral,crossing,A_Portcullis,0, 30, 44, 6, 15
2,ncral,breach,A_Portcullis,0, 15, 20, 3, 7
2,ncral,crossing,A_ChevalDeFrise,0, 40, 0, 22, 26
2,ncral,breach,A_ChevalDeFrise,0, 18, 0, 10, 12
2,ncral,crossing,B_Ramparts,0, 29, 28, 57, 21
2,ncral,breach,B_Ramparts,0, 12, 14, 27, 9
2,ncral,crossing,B_Moat,0, 17, 50, 46, 14
2,ncral,breach,B_Moat,0, 8, 24, 22, 7
2,ncral,crossing,C_Drawbridge,0, 11, 13, 11, 19
2,ncral,breach,C_Drawbridge,0, 4, 4, 3, 7
2,ncral,crossing,C_SallyPort,0, 16, 23, 42, 15
2,ncral,breach,C_SallyPort,0, 6, 11, 15, 7
2,ncral,crossing,D_RoughTerrain,0, 10, 20, 8, 20
2,ncral,breach,D_RoughTerrain,0, 5, 10, 3, 10
2,ncral,crossing,D_RockWall,0, 63, 59, 26, 81
2,ncral,breach,D_RockWall,0, 30, 28, 13, 39
2,ncral,crossing,E_LowBar,280, 0, 0, 0, 0
2,ncral,breach,E_LowBar,136, 0, 0, 0, 0
2,marea,usage,A_Portcullis,0, 18, 4, 17, 14
2,marea,usage,A_ChevalDeFrise,0, 37, 48, 30, 20
2,marea,usage,B_Ramparts,0, 25, 44, 20, 23
2,marea,usage,B_Moat,0, 22, 0, 29, 25
2,marea,usage,C_Drawbridge,0, 17, 24, 18, 8
2,marea,usage,C_SallyPort,0, 30, 22, 27, 42
2,marea,usage,D_RoughTerrain,0, 5, 24, 4, 11
2,marea,usage,D_RockWall,0, 34, 22, 43, 45
2,marea,crossing,A_Portcullis,0, 28, 8, 28, 21
2,marea,breach,A_Portcullis,0, 14, 4, 14, 10
2,marea,crossing,A_ChevalDeFrise,0, 43, 49, 37, 21
2,marea,breach,A_ChevalDeFrise,0, 21, 21, 18, 10
2,marea,crossing,B_Ramparts,0, 49, 83, 39, 43
2,marea,breach,B_Ramparts,0, 24, 40, 19, 20
2,marea,crossing,B_Moat,0, 39, 0, 53, 45
2,marea,breach,B_Moat,0, 18, 0, 26, 22
2,marea,crossing,C_Drawbridge,0, 7, 4, 6, 3
2,marea,breach,C_Drawbridge,0, 3, 0, 2, 1
2,marea,crossing,C_SallyPort,0, 13, 12, 13, 19
2,marea,breach,C_SallyPort,0, 3, 3, 4, 5
2,marea,crossing,D_RoughTerrain,0, 9, 47, 8, 21
2,marea,breach,D_RoughTerrain,0, 4, 23, 4, 10
2,marea,crossing,D_RockWall,0, 58, 41, 75, 83
2,marea,breach,D_RockWall,0, 27, 20, 37, 39
2,marea,crossing,E_LowBar,356, 0, 0, 0, 0
2,marea,breach,E_LowBar,174, 0, 0, 0, 0
2,mawor,usage,A_Portcullis,0, 12, 12, 8, 16
2,mawor,usage,A_ChevalDeFrise,0, 53, 36, 31, 26
2,mawor,usage,B_Ramparts,0, 27, 58, 28, 24
2,mawor,usage,B_Moat,0, 16, 0, 29, 12
2,mawor,usage,C_Drawbridge,0, 12, 16, 13, 7
2,mawor,usage,C_SallyPort,0, 30, 28, 41, 47
2,mawor,usage,D_RoughTerrain,0, 7, 44, 9, 11
2,mawor,usage,D_RockWall,0, 37, 0, 35, 51
2,mawor,crossing,A_Portcullis,0, 16, 22, 15, 31
2,mawor,breach,A_Portcullis,0, 8, 11, 7, 15
2,mawor,crossing,A_ChevalDeFrise,0, 86, 60, 46, 35
2,mawor,breach,A_ChevalDeFrise,0, 42, 29, 22, 15
2,mawor,crossing,B_Ramparts,0, 51, 111, 53, 45
2,mawor,breach,B_Ramparts,0, 25, 54, 26, 21
2,mawor,crossing,B_Moat,0, 31, 0, 48, 22
2,mawor,breach,B_Moat,0, 15, 0, 23, 10
2,mawor,crossing,C_Drawbridge,0, 6, 4, 10, 4
2,mawor,breach,C_Drawbridge,0, 2, 2, 5, 2
2,mawor,crossing,C_SallyPort,0, 23, 19, 14, 32
2,mawor,breach,C_SallyPort,0, 11, 6, 6, 12
2,mawor,crossing,D_RoughTerrain,0, 14, 85, 18, 20
2,mawor,breach,D_RoughTerrain,0, 7, 42, 9, 10
2,mawor,crossing,D_RockWall,0, 69, 0, 67, 92
2,mawor,breach,D_RockWall,0, 34, 0, 33, 45
2,mawor,crossing,E_LowBar,375, 0, 0, 0, 0
2,mawor,breach,E_LowBar,184, 0, 0, 0, 0
2,gacol,usage,A_Portcullis,0, 37, 0, 4, 5
2,gacol,usage,A_ChevalDeFrise,0, 61, 56, 18, 7
2,gacol,usage,B_Ramparts,0, 22, 28, 40, 9
2,gacol,usage,B_Moat,0, 24, 16, 34, 15
2,gacol,usage,C_Drawbridge,0, 5, 12, 35, 19
2,gacol,usage,C_SallyPort,0, 18, 32, 38, 29
2,gacol,usage,D_RoughTerrain,0, 9, 8, 5, 23
2,gacol,usage,D_RockWall,0, 12, 36, 14, 81
2,gacol,crossing,A_Portcullis,0, 39, 0, 4, 4
2,gacol,breach,A_Portcullis,0, 19, 0, 2, 2
2,gacol,crossing,A_ChevalDeFrise,0, 49, 50, 11, 7
2,gacol,breach,A_ChevalDeFrise,0, 24, 23, 5, 3
2,gacol,crossing,B_Ramparts,0, 26, 34, 66, 17
2,gacol,breach,B_Ramparts,0, 12, 15, 31, 8
2,gacol,crossing,B_Moat,0, 40, 27, 47, 20
2,gacol,breach,B_Moat,0, 20, 13, 21, 9
2,gacol,crossing,C_Drawbridge,0, 1, 3, 13, 7
2,gacol,breach,C_Drawbridge,0, 0, 1, 5, 1
2,gacol,crossing,C_SallyPort,0, 10, 35, 14, 22
2,gacol,breach,C_SallyPort,0, 4, 15, 5, 8
2,gacol,crossing,D_RoughTerrain,0, 13, 16, 8, 36
2,gacol,breach,D_RoughTerrain,0, 6, 8, 4, 16
2,gacol,crossing,D_RockWall,0, 20, 63, 18, 123
2,gacol,breach,D_RockWall,0, 9, 29, 7, 60
2,gacol,crossing,E_LowBar,328, 0, 0, 0, 0
2,gacol,breach,E_LowBar,155, 0, 0, 0, 0
2,wasno,usage,A_Portcullis,0, 29, 12, 16, 8
2,wasno,usage,A_ChevalDeFrise,0, 42, 34, 20, 23
2,wasno,usage,B_Ramparts,0, 20, 38, 33, 19
2,wasno,usage,B_Moat,0, 23, 12, 24, 15
2,wasno,usage,C_Drawbridge,0, 17, 0, 11, 17
2,wasno,usage,C_SallyPort,0, 22, 44, 42, 31
2,wasno,usage,D_RoughTerrain,0, 3, 44, 13, 6
2,wasno,usage,D_RockWall,0, 28, 0, 25, 65
2,wasno,crossing,A_Portcullis,0, 47, 20, 27, 14
2,wasno,breach,A_Portcullis,0, 23, 10, 13, 7
2,wasno,crossing,A_ChevalDeFrise,0, 68, 49, 23, 28
2,wasno,breach,A_ChevalDeFrise,0, 33, 22, 11, 12
2,wasno,crossing,B_Ramparts,0, 38, 69, 62, 34
2,wasno,breach,B_Ramparts,0, 19, 33, 31, 17
2,wasno,crossing,B_Moat,0, 36, 18, 48, 29
2,wasno,breach,B_Moat,0, 16, 8, 24, 14
2,wasno,crossing,C_Drawbridge,0, 8, 0, 3, 9
2,wasno,breach,C_Drawbridge,0, 4, 0, 1, 4
2,wasno,crossing,C_SallyPort,0, 20, 28, 24, 15
2,wasno,breach,C_SallyPort,0, 8, 11, 9, 6
2,wasno,crossing,D_RoughTerrain,0, 6, 86, 26, 11
2,wasno,breach,D_RoughTerrain,0, 3, 42, 13, 5
2,wasno,crossing,D_RockWall,0, 48, 0, 46, 125
2,wasno,breach,D_RockWall,0, 24, 0, 22, 62
2,wasno,crossing,E_LowBar,350, 0, 0, 0, 0
2,wasno,breach,E_LowBar,171, 0, 0, 0, 0
2,orwil,usage,A_Portcullis,0, 20, 0, 3, 17
2,orwil,usage,A_ChevalDeFrise,0, 51, 44, 20, 19
2,orwil,usage,B_Ramparts,0, 13, 24, 30, 17
2,orwil,usage,B_Moat,0, 14, 20, 33, 23
2,orwil,usage,C_Drawbridge,0, 15, 12, 10, 13
2,orwil,usage,C_SallyPort,0, 31, 32, 24, 37
2,orwil,usage,D_RoughTerrain,0, 8, 24, 4, 6
2,orwil,usage,D_RockWall,0, 22, 18, 50, 42
2,orwil,crossing,A_Portcullis,0, 29, 0, 4, 23
2,orwil,breach,A_Portcullis,0, 14, 0, 2, 11
2,orwil,crossing,A_ChevalDeFrise,0, 57, 56, 21, 25
2,orwil,breach,A_ChevalDeFrise,0, 26, 25, 10, 11
2,orwil,crossing,B_Ramparts,0, 25, 41, 57, 29
2,orwil,breach,B_Ramparts,0, 12, 18, 28, 13
2,orwil,crossing,B_Moat,0, 24, 38, 56, 33
2,orwil,breach,B_Moat,0, 11, 18, 27, 16
2,orwil,crossing,C_Drawbridge,0, 12, 5, 0, 5
2,orwil,breach,C_Drawbridge,0, 6, 2, 0, 2
2,orwil,crossing,C_SallyPort,0, 31, 32, 18, 34
2,orwil,breach,C_SallyPort,0, 13, 15, 8, 13
2,orwil,crossing,D_RoughTerrain,0, 14, 48, 7, 10
2,orwil,breach,D_RoughTerrain,0, 7, 24, 3, 5
2,orwil,crossing,D_RockWall,0, 39, 34, 94, 68
2,orwil,breach,D_RockWall,0, 19, 17, 46, 30
2,orwil,crossing,E_LowBar,315, 0, 0, 0, 0
2,orwil,breach,E_LowBar,151, 0, 0, 0, 0
2,txsa,usage,A_Portcullis,0, 14, 22, 17, 10
2,txsa,usage,A_ChevalDeFrise,0, 52, 30, 34, 27
2,txsa,usage,B_Ramparts,0, 23, 30, 40, 25
2,txsa,usage,B_Moat,0, 24, 22, 27, 15
2,txsa,usage,C_Drawbridge,0, 21, 32, 13, 14
2,txsa,usage,C_SallyPort,0, 44, 22, 33, 27
2,txsa,usage,D_RoughTerrain,0, 3, 48, 6, 12
2,txsa,usage,D_RockWall,0, 25, 0, 36, 76
2,txsa,crossing,A_Portcullis,0, 13, 28, 17, 10
2,txsa,breach,A_Portcullis,0, 6, 13, 8, 5
2,txsa,crossing,A_ChevalDeFrise,0, 65, 27, 43, 32
2,txsa,breach,A_ChevalDeFrise,0, 29, 12, 20, 15
2,txsa,crossing,B_Ramparts,0, 33, 46, 65, 40
2,txsa,breach,B_Ramparts,0, 14, 22, 30, 19
2,txsa,crossing,B_Moat,0, 40, 35, 35, 23
2,txsa,breach,B_Moat,0, 19, 16, 15, 11
2,txsa,crossing,C_Drawbridge,0, 7, 9, 6, 0
2,txsa,breach,C_Drawbridge,0, 2, 3, 2, 0
2,txsa,crossing,C_SallyPort,0, 19, 13, 17, 6
2,txsa,breach,C_SallyPort,0, 7, 5, 6, 1
2,txsa,crossing,D_RoughTerrain,0, 6, 93, 12, 19
2,txsa,breach,D_RoughTerrain,0, 3, 46, 6, 9
2,txsa,crossing,D_RockWall,0, 35, 0, 53, 123
2,txsa,breach,D_RockWall,0, 15, 0, 24, 57
2,txsa,crossing,E_LowBar,383, 0, 0, 0, 0
2,txsa,breach,E_LowBar,186, 0, 0, 0, 0
2,azfl,usage,A_Portcullis,0, 13, 14, 7, 10
2,azfl,usage,A_ChevalDeFrise,0, 59, 36, 34, 31
2,azfl,usage,B_Ramparts,0, 30, 24, 36, 43
2,azfl,usage,B_Moat,0, 15, 16, 24, 16
2,azfl,usage,C_Drawbridge,0, 15, 32, 11, 8
2,azfl,usage,C_SallyPort,0, 31, 24, 54, 29
2,azfl,usage,D_RoughTerrain,0, 1, 48, 4, 6
2,azfl,usage,D_RockWall,0, 40, 10, 34, 61
2,azfl,crossing,A_Portcullis,0, 16, 22, 7, 17
2,azfl,breach,A_Portcullis,0, 8, 11, 3, 8
2,azfl,crossing,A_ChevalDeFrise,0, 81, 47, 41, 47
2,azfl,breach,A_ChevalDeFrise,0, 39, 21, 19, 22
2,azfl,crossing,B_Ramparts,0, 56, 46, 70, 77
2,azfl,breach,B_Ramparts,0, 28, 23, 34, 37
2,azfl,crossing,B_Moat,0, 27, 32, 44, 29
2,azfl,breach,B_Moat,0, 13, 16, 21, 14
2,azfl,crossing,C_Drawbridge,0, 10, 21, 9, 5
2,azfl,breach,C_Drawbridge,0, 4, 9, 4, 2
2,azfl,crossing,C_SallyPort,0, 14, 14, 17, 18
2,azfl,breach,C_SallyPort,0, 4, 4, 6, 7
2,azfl,crossing,D_RoughTerrain,0, 2, 93, 8, 12
2,azfl,breach,D_RoughTerrain,0, 1, 46, 4, 6
2,azfl,crossing,D_RockWall,0, 73, 20, 63, 113
2,azfl,breach,D_RockWall,0, 35, 10, 31, 54
2,azfl,crossing,E_LowBar,381, 0, 0, 0, 0
2,azfl,breach,E_LowBar,184, 0, 0, 0, 0
2,arlr,usage,A_Portcullis,0, 18, 18, 10, 18
2,arlr,usage,A_ChevalDeFrise,0, 25, 32, 25, 20
2,arlr,usage,B_Ramparts,0, 17, 23, 26, 13
2,arlr,usage,B_Moat,0, 23, 16, 28, 17
2,arlr,usage,C_Drawbridge,0, 12, 0, 14, 20
2,arlr,usage,C_SallyPort,0, 30, 40, 19, 33
2,arlr,usage,D_RoughTerrain,0, 4, 36, 5, 5
2,arlr,usage,D_RockWall,0, 37, 0, 39, 40
2,arlr,usage,NotSpecified,0, 0, 1, 0, 0
2,arlr,crossing,A_Portcullis,0, 16, 30, 15, 13
2,arlr,breach,A_Portcullis,0, 7, 15, 6, 6
2,arlr,crossing,A_ChevalDeFrise,0, 27, 31, 33, 30
2,arlr,breach,A_ChevalDeFrise,0, 12, 12, 15, 15
2,arlr,crossing,B_Ramparts,0, 28, 45, 47, 19
2,arlr,breach,B_Ramparts,0, 13, 22, 22, 9
2,arlr,crossing,B_Moat,0, 41, 21, 54, 32
2,arlr,breach,B_Moat,0, 20, 8, 26, 15
2,arlr,crossing,C_Drawbridge,0, 5, 0, 11, 3
2,arlr,breach,C_Drawbridge,0, 2, 0, 5, 1
2,arlr,crossing,C_SallyPort,0, 30, 36, 14, 39
2,arlr,breach,C_SallyPort,0, 14, 17, 6, 19
2,arlr,crossing,D_RoughTerrain,0, 8, 72, 10, 10
2,arlr,breach,D_RoughTerrain,0, 4, 36, 5, 5
2,arlr,crossing,D_RockWall,0, 65, 0, 66, 68
2,arlr,breach,D_RockWall,0, 31, 0, 31, 32
2,arlr,crossing,E_LowBar,314, 0, 0, 0, 0
2,arlr,breach,E_LowBar,154, 0, 0, 0, 0
2,arlr,crossing,NotSpecified,0, 0, 2, 0, 0
2,arlr,breach,NotSpecified,0, 0, 1, 0, 0
2,cama,usage,A_Portcullis,0, 20, 24, 17, 19
2,cama,usage,A_ChevalDeFrise,0, 53, 16, 32, 17
2,cama,usage,B_Ramparts,0, 20, 60, 33, 16
2,cama,usage,B_Moat,0, 16, 0, 21, 32
2,cama,usage,C_Drawbridge,0, 18, 16, 19, 7
2,cama,usage,C_SallyPort,0, 41, 42, 32, 23
2,cama,usage,D_RoughTerrain,0, 6, 16, 5, 11
2,cama,usage,D_RockWall,0, 24, 24, 39, 73
2,cama,crossing,A_Portcullis,0, 16, 32, 22, 25
2,cama,breach,A_Portcullis,0, 7, 15, 11, 12
2,cama,crossing,A_ChevalDeFrise,0, 69, 18, 35, 15
2,cama,breach,A_ChevalDeFrise,0, 32, 8, 17, 6
2,cama,crossing,B_Ramparts,0, 39, 112, 62, 31
2,cama,breach,B_Ramparts,0, 19, 54, 29, 15
2,cama,crossing,B_Moat,0, 31, 0, 39, 52
2,cama,breach,B_Moat,0, 15, 0, 19, 25
2,cama,crossing,C_Drawbridge,0, 12, 7, 5, 3
2,cama,breach,C_Drawbridge,0, 5, 2, 2, 1
2,cama,crossing,C_SallyPort,0, 19, 28, 18, 15
2,cama,breach,C_SallyPort,0, 8, 12, 7, 7
2,cama,crossing,D_RoughTerrain,0, 12, 30, 9, 22
2,cama,breach,D_RoughTerrain,0, 6, 15, 4, 11
2,cama,crossing,D_RockWall,0, 43, 48, 75, 133
2,cama,breach,D_RockWall,0, 21, 24, 37, 64
2,cama,crossing,E_LowBar,360, 0, 0, 0, 0
2,cama,breach,E_LowBar,174, 0, 0, 0, 0
2,mokc,usage,A_Portcullis,0, 26, 22, 10, 12
2,mokc,usage,A_ChevalDeFrise,0, 61, 36, 35, 26
2,mokc,usage,B_Ramparts,0, 24, 44, 55, 34
2,mokc,usage,B_Moat,0, 20, 0, 30, 21
2,mokc,usage,C_Drawbridge,0, 33, 0, 11, 18
2,mokc,usage,C_SallyPort,0, 32, 62, 50, 22
2,mokc,usage,D_RoughTerrain,0, 5, 64, 7, 11
2,mokc,usage,D_RockWall,0, 27, 0, 30, 84
2,mokc,crossing,A_Portcullis,0, 41, 34, 16, 12
2,mokc,breach,A_Portcullis,0, 20, 16, 8, 6
2,mokc,crossing,A_ChevalDeFrise,0, 79, 46, 43, 44
2,mokc,breach,A_ChevalDeFrise,0, 35, 21, 20, 22
2,mokc,crossing,B_Ramparts,0, 37, 81, 98, 63
2,mokc,breach,B_Ramparts,0, 16, 39, 47, 31
2,mokc,crossing,B_Moat,0, 33, 0, 49, 30
2,mokc,breach,B_Moat,0, 16, 0, 24, 13
2,mokc,crossing,C_Drawbridge,0, 23, 0, 10, 5
2,mokc,breach,C_Drawbridge,0, 9, 0, 3, 0
2,mokc,crossing,C_SallyPort,0, 31, 61, 38, 20
2,mokc,breach,C_SallyPort,0, 14, 25, 14, 9
2,mokc,crossing,D_RoughTerrain,0, 10, 125, 14, 22
2,mokc,breach,D_RoughTerrain,0, 5, 61, 7, 11
2,mokc,crossing,D_RockWall,0, 50, 0, 53, 150
2,mokc,breach,D_RockWall,0, 24, 0, 25, 70
2,mokc,crossing,E_LowBar,430, 0, 0, 0, 0
2,mokc,breach,E_LowBar,207, 0, 0, 0, 0
2,paca,usage,A_Portcullis,0, 38, 0, 17, 29
2,paca,usage,A_ChevalDeFrise,0, 49, 40, 16, 17
2,paca,usage,B_Ramparts,0, 21, 16, 35, 28
2,paca,usage,B_Moat,0, 15, 42, 28, 21
2,paca,usage,C_Drawbridge,0, 21, 16, 16, 15
2,paca,usage,C_SallyPort,0, 26, 40, 38, 34
2,paca,usage,D_RoughTerrain,0, 8, 46, 4, 5
2,paca,usage,D_RockWall,0, 28, 6, 52, 57
2,paca,crossing,A_Portcullis,0, 64, 0, 18, 45
2,paca,breach,A_Portcullis,0, 30, 0, 8, 22
2,paca,crossing,A_ChevalDeFrise,0, 85, 62, 21, 22
2,paca,breach,A_ChevalDeFrise,0, 38, 27, 9, 10
2,paca,crossing,B_Ramparts,0, 38, 31, 68, 52
2,paca,breach,B_Ramparts,0, 18, 15, 33, 25
2,paca,crossing,B_Moat,0, 27, 81, 54, 38
2,paca,breach,B_Moat,0, 13, 39, 27, 17
2,paca,crossing,C_Drawbridge,0, 6, 2, 6, 4
2,paca,breach,C_Drawbridge,0, 2, 0, 1, 1
2,paca,crossing,C_SallyPort,0, 29, 46, 36, 30
2,paca,breach,C_SallyPort,0, 13, 19, 16, 10
2,paca,crossing,D_RoughTerrain,0, 16, 90, 8, 10
2,paca,breach,D_RoughTerrain,0, 8, 45, 4, 5
2,paca,crossing,D_RockWall,0, 54, 12, 101, 106
2,paca,breach,D_RockWall,0, 27, 6, 49, 52
2,paca,crossing,E_LowBar,401, 0, 0, 0, 0
2,paca,breach,E_LowBar,196, 0, 0, 0, 0
2,onto,usage,A_Portcullis,0, 14, 8, 13, 9
2,onto,usage,A_ChevalDeFrise,0, 60, 48, 26, 18
2,onto,usage,B_Ramparts,0, 22, 20, 33, 23
2,onto,usage,B_Moat,0, 10, 22, 36, 30
2,onto,usage,C_Drawbridge,0, 21, 16, 20, 13
2,onto,usage,C_SallyPort,0, 35, 24, 28, 39
2,onto,usage,D_RoughTerrain,0, 7, 48, 6, 4
2,onto,usage,D_RockWall,0, 27, 10, 34, 60
2,onto,crossing,A_Portcullis,0, 19, 16, 22, 16
2,onto,breach,A_Portcullis,0, 8, 8, 11, 8
2,onto,crossing,A_ChevalDeFrise,0, 87, 70, 43, 34
2,onto,breach,A_ChevalDeFrise,0, 39, 34, 21, 17
2,onto,crossing,B_Ramparts,0, 39, 35, 61, 38
2,onto,breach,B_Ramparts,0, 19, 16, 30, 17
2,onto,crossing,B_Moat,0, 15, 41, 63, 56
2,onto,breach,B_Moat,0, 7, 19, 29, 28
2,onto,crossing,C_Drawbridge,0, 3, 1, 2, 2
2,onto,breach,C_Drawbridge,0, 1, 0, 1, 1
2,onto,crossing,C_SallyPort,0, 18, 15, 10, 11
2,onto,breach,C_SallyPort,0, 6, 5, 3, 3
2,onto,crossing,D_RoughTerrain,0, 14, 92, 12, 8
2,onto,breach,D_RoughTerrain,0, 7, 45, 6, 4
2,onto,crossing,D_RockWall,0, 54, 20, 58, 107
2,onto,breach,D_RockWall,0, 27, 10, 29, 51
2,onto,crossing,E_LowBar,377, 0, 0, 0, 0
2,onto,breach,E_LowBar,184, 0, 0, 0, 0
2,ista,usage,A_Portcullis,0, 25, 0, 11, 21
2,ista,usage,A_ChevalDeFrise,0, 50, 48, 40, 27
2,ista,usage,B_Ramparts,0, 31, 0, 42, 39
2,ista,usage,B_Moat,0, 18, 50, 28, 12
2,ista,usage,C_Drawbridge,0, 34, 0, 27, 32
2,ista,usage,C_SallyPort,0, 19, 68, 20, 22
2,ista,usage,D_RoughTerrain,0, 6, 34, 5, 6
2,ista,usage,D_RockWall,0, 39, 20, 49, 63
2,ista,usage,NotSpecified,0, 0, 2, 0, 0
2,ista,crossing,A_Portcullis,0, 40, 0, 22, 31
2,ista,breach,A_Portcullis,0, 20, 0, 11, 15
2,ista,crossing,A_ChevalDeFrise,0, 66, 73, 62, 35
2,ista,breach,A_ChevalDeFrise,0, 30, 35, 30, 16
2,ista,crossing,B_Ramparts,0, 51, 0, 75, 71
2,ista,breach,B_Ramparts,0, 22, 0, 36, 33
2,ista,crossing,B_Moat,0, 34, 94, 49, 24
2,ista,breach,B_Moat,0, 17, 44, 22, 12
2,ista,crossing,C_Drawbridge,0, 11, 0, 11, 6
2,ista,breach,C_Drawbridge,0, 5, 0, 2, 1
2,ista,crossing,C_SallyPort,0, 15, 47, 12, 12
2,ista,breach,C_SallyPort,0, 5, 18, 4, 4
2,ista,crossing,D_RoughTerrain,0, 12, 66, 9, 8
2,ista,breach,D_RoughTerrain,0, 6, 33, 4, 3
2,ista,crossing,D_RockWall,0, 71, 38, 86, 118
2,ista,breach,D_RockWall,0, 33, 18, 41, 57
2,ista,crossing,E_LowBar,419, 0, 0, 0, 0
2,ista,breach,E_LowBar,203, 0, 0, 0, 0
2,ista,crossing,NotSpecified,0, 0, 4, 0, 0
2,ista,breach,NotSpecified,0, 0, 2, 0, 0
2,calb,usage,A_Portcullis,0, 24, 30, 10, 20
2,calb,usage,A_ChevalDeFrise,0, 59, 22, 28, 17
2,calb,usage,B_Ramparts,0, 12, 50, 39, 22
2,calb,usage,B_Moat,0, 20, 0, 45, 22
2,calb,usage,C_Drawbridge,0, 16, 22, 11, 22
2,calb,usage,C_SallyPort,0, 41, 30, 27, 41
2,calb,usage,D_RoughTerrain,0, 4, 22, 7, 8
2,calb,usage,D_RockWall,0, 34, 34, 43, 58
2,calb,crossing,A_Portcullis,0, 29, 51, 10, 28
2,calb,breach,A_Portcullis,0, 13, 24, 4, 14
2,calb,crossing,A_ChevalDeFrise,0, 69, 34, 38, 22
2,calb,breach,A_ChevalDeFrise,0, 32, 16, 18, 10
2,calb,crossing,B_Ramparts,0, 20, 90, 67, 36
2,calb,breach,B_Ramparts,0, 9, 43, 31, 17
2,calb,crossing,B_Moat,0, 32, 0, 74, 37
2,calb,breach,B_Moat,0, 15, 0, 33, 18
2,calb,crossing,C_Drawbridge,0, 7, 10, 6, 8
2,calb,breach,C_Drawbridge,0, 3, 5, 3, 4
2,calb,crossing,C_SallyPort,0, 43, 29, 32, 34
2,calb,breach,C_SallyPort,0, 20, 12, 15, 14
2,calb,crossing,D_RoughTerrain,0, 8, 44, 14, 15
2,calb,breach,D_RoughTerrain,0, 4, 22, 7, 7
2,calb,crossing,D_RockWall,0, 67, 64, 76, 107
2,calb,breach,D_RockWall,0, 33, 30, 36, 52
2,calb,crossing,E_LowBar,395, 0, 0, 0, 0
2,calb,breach,E_LowBar,189, 0, 0, 0, 0
2,mxmc,usage,A_Portcullis,0, 31, 40, 18, 12
2,mxmc,usage,A_ChevalDeFrise,0, 58, 16, 22, 15
2,mxmc,usage,B_Ramparts,0, 31, 32, 45, 20
2,mxmc,usage,B_Moat,0, 18, 6, 37, 23
2,mxmc,usage,C_Drawbridge,0, 21, 32, 18, 28
2,mxmc,usage,C_SallyPort,0, 20, 24, 32, 37
2,mxmc,usage,D_RoughTerrain,0, 1, 62, 5, 6
2,mxmc,usage,D_RockWall,0, 32, 0, 35, 71
2,mxmc,crossing,A_Portcullis,0, 18, 21, 9, 7
2,mxmc,breach,A_Portcullis,0, 8, 8, 3, 2
2,mxmc,crossing,A_ChevalDeFrise,0, 28, 4, 18, 5
2,mxmc,breach,A_ChevalDeFrise,0, 9, 0, 7, 1
2,mxmc,crossing,B_Ramparts,0, 47, 43, 63, 24
2,mxmc,breach,B_Ramparts,0, 21, 19, 28, 12
2,mxmc,crossing,B_Moat,0, 22, 9, 50, 27
2,mxmc,breach,B_Moat,0, 9, 4, 21, 12
2,mxmc,crossing,C_Drawbridge,0, 12, 17, 11, 20
2,mxmc,breach,C_Drawbridge,0, 4, 6, 4, 9
2,mxmc,crossing,C_SallyPort,0, 18, 23, 34, 28
2,mxmc,breach,C_SallyPort,0, 7, 8, 13, 11
2,mxmc,crossing,D_RoughTerrain,0, 1, 114, 8, 10
2,mxmc,breach,D_RoughTerrain,0, 0, 55, 4, 5
2,mxmc,crossing,D_RockWall,0, 45, 0, 49, 109
2,mxmc,breach,D_RockWall,0, 20, 0, 22, 50
2,mxmc,crossing,E_LowBar,373, 0, 0, 0, 0
2,mxmc,breach,E_LowBar,179, 0, 0, 0, 0
2,nyny,usage,A_Portcullis,0, 33, 8, 13, 17
2,nyny,usage,A_ChevalDeFrise,0, 45, 44, 25, 21
2,nyny,usage,B_Ramparts,0, 15, 44, 44, 23
2,nyny,usage,B_Moat,0, 20, 10, 32, 18
2,nyny,usage,C_Drawbridge,0, 11, 22, 15, 14
2,nyny,usage,C_SallyPort,0, 33, 30, 34, 47
2,nyny,usage,D_RoughTerrain,0, 6, 48, 8, 5
2,nyny,usage,D_RockWall,0, 43, 0, 35, 61
2,nyny,crossing,A_Portcullis,0, 25, 13, 13, 13
2,nyny,breach,A_Portcullis,0, 12, 6, 6, 6
2,nyny,crossing,A_ChevalDeFrise,0, 32, 26, 23, 20
2,nyny,breach,A_ChevalDeFrise,0, 12, 11, 11, 8
2,nyny,crossing,B_Ramparts,0, 25, 72, 69, 39
2,nyny,breach,B_Ramparts,0, 12, 33, 30, 19
2,nyny,crossing,B_Moat,0, 31, 20, 49, 27
2,nyny,breach,B_Moat,0, 13, 10, 24, 13
2,nyny,crossing,C_Drawbridge,0, 1, 13, 5, 7
2,nyny,breach,C_Drawbridge,0, 0, 5, 2, 2
2,nyny,crossing,C_SallyPort,0, 22, 25, 16, 28
2,nyny,breach,C_SallyPort,0, 9, 10, 6, 10
2,nyny,crossing,D_RoughTerrain,0, 12, 86, 15, 8
2,nyny,breach,D_RoughTerrain,0, 6, 41, 7, 4
2,nyny,crossing,D_RockWall,0, 68, 0, 55, 88
2,nyny,breach,D_RockWall,0, 32, 0, 25, 41
2,nyny,crossing,E_LowBar,351, 0, 0, 0, 0
2,nyny,breach,E_LowBar,162, 0, 0, 0, 0
2,flor,usage,A_Portcullis,0, 29, 0, 11, 18
2,flor,usage,A_ChevalDeFrise,0, 49, 50, 37, 28
2,flor,usage,B_Ramparts,0, 14, 50, 32, 35
2,flor,usage,B_Moat,0, 22, 20, 31, 18
2,flor,usage,C_Drawbridge,0, 27, 20, 18, 10
2,flor,usage,C_SallyPort,0, 46, 34, 31, 36
2,flor,usage,D_RoughTerrain,0, 5, 20, 8, 11
2,flor,usage,D_RockWall,0, 30, 28, 54, 66
2,flor,crossing,A_Portcullis,0, 39, 0, 15, 20
2,flor,breach,A_Portcullis,0, 19, 0, 7, 10
2,flor,crossing,A_ChevalDeFrise,0, 46, 65, 45, 31
2,flor,breach,A_ChevalDeFrise,0, 21, 28, 21, 14
2,flor,crossing,B_Ramparts,0, 26, 93, 61, 64
2,flor,breach,B_Ramparts,0, 12, 43, 30, 32
2,flor,crossing,B_Moat,0, 39, 36, 59, 34
2,flor,breach,B_Moat,0, 19, 17, 29, 16
2,flor,crossing,C_Drawbridge,0, 15, 6, 16, 9
2,flor,breach,C_Drawbridge,0, 7, 2, 7, 4
2,flor,crossing,C_SallyPort,0, 41, 33, 21, 30
2,flor,breach,C_SallyPort,0, 18, 16, 8, 14
2,flor,crossing,D_RoughTerrain,0, 10, 40, 16, 20
2,flor,breach,D_RoughTerrain,0, 5, 20, 8, 9
2,flor,crossing,D_RockWall,0, 59, 50, 103, 120
2,flor,breach,D_RockWall,0, 29, 24, 50, 57
2,flor,crossing,E_LowBar,412, 0, 0, 0, 0
2,flor,breach,E_LowBar,199, 0, 0, 0, 0
2,mosl,usage,A_Portcullis,0, 25, 0, 19, 15
2,mosl,usage,A_ChevalDeFrise,0, 44, 56, 31, 10
2,mosl,usage,B_Ramparts,0, 18, 42, 29, 23
2,mosl,usage,B_Moat,0, 27, 0, 31, 30
2,mosl,usage,C_Drawbridge,0, 37, 16, 20, 19
2,mosl,usage,C_SallyPort,0, 25, 24, 36, 23
2,mosl,usage,D_RoughTerrain,0, 2, 62, 1, 15
2,mosl,usage,D_RockWall,0, 22, 0, 33, 65
2,mosl,crossing,A_Portcullis,0, 38, 0, 25, 14
2,mosl,breach,A_Portcullis,0, 19, 0, 12, 6
2,mosl,crossing,A_ChevalDeFrise,0, 49, 62, 40, 9
2,mosl,breach,A_ChevalDeFrise,0, 23, 28, 19, 4
2,mosl,crossing,B_Ramparts,0, 31, 74, 53, 31
2,mosl,breach,B_Ramparts,0, 15, 36, 26, 12
2,mosl,crossing,B_Moat,0, 47, 0, 59, 55
2,mosl,breach,B_Moat,0, 22, 0, 29, 26
2,mosl,crossing,C_Drawbridge,0, 39, 16, 11, 14
2,mosl,breach,C_Drawbridge,0, 17, 6, 4, 5
2,mosl,crossing,C_SallyPort,0, 25, 25, 40, 20
2,mosl,breach,C_SallyPort,0, 11, 12, 18, 10
2,mosl,crossing,D_RoughTerrain,0, 4, 114, 2, 29
2,mosl,breach,D_RoughTerrain,0, 2, 56, 1, 14
2,mosl,crossing,D_RockWall,0, 41, 0, 56, 117
2,mosl,breach,D_RockWall,0, 20, 0, 25, 57
2,mosl,crossing,E_LowBar,367, 0, 0, 0, 0
2,mosl,breach,E_LowBar,177, 0, 0, 0, 0
3,vapor,usage,A_Portcullis,0, 22, 30, 8, 11
3,vapor,usage,A_ChevalDeFrise,0, 38, 14, 22, 25
3,vapor,usage,B_Ramparts,0, 25, 0, 31, 22
3,vapor,usage,B_Moat,0, 15, 38, 22, 17
3,vapor,usage,C_Drawbridge,0, 15, 0, 15, 14
3,vapor,usage,C_SallyPort,0, 24, 40, 34, 28
3,vapor,usage,D_RoughTerrain,0, 4, 38, 8, 7
3,vapor,usage,D_RockWall,0, 27, 10, 30, 46
3,vapor,crossing,A_Portcullis,0, 24, 37, 10, 12
3,vapor,breach,A_Portcullis,0, 11, 17, 4, 6
3,vapor,crossing,A_ChevalDeFrise,0, 51, 15, 17, 25
3,vapor,breach,A_ChevalDeFrise,0, 25, 6, 8, 12
3,vapor,crossing,B_Ramparts,0, 43, 0, 53, 37
3,vapor,breach,B_Ramparts,0, 21, 0, 25, 18
3,vapor,crossing,B_Moat,0, 26, 69, 34, 30
3,vapor,breach,B_Moat,0, 12, 32, 15, 14
3,vapor,crossing,C_Drawbridge,0, 15, 0, 13, 12
3,vapor,breach,C_Drawbridge,0, 5, 0, 6, 5
3,vapor,crossing,C_SallyPort,0, 34, 54, 43, 39
3,vapor,breach,C_SallyPort,0, 15, 23, 17, 17
3,vapor,crossing,D_RoughTerrain,0, 8, 72, 16, 12
3,vapor,breach,D_RoughTerrain,0, 4, 35, 8, 6
3,vapor,crossing,D_RockWall,0, 42, 16, 52, 86
3,vapor,breach,D_RockWall,0, 21, 8, 24, 43
3,vapor,crossing,E_LowBar,324, 0, 0, 0, 0
3,vapor,breach,E_LowBar,159, 0, 0, 0, 0
3,mdblr,usage,A_Portcullis,0, 23, 8, 16, 6
3,mdblr,usage,A_ChevalDeFrise,0, 30, 40, 21, 26
3,mdblr,usage,B_Ramparts,0, 17, 26, 19, 36
3,mdblr,usage,B_Moat,0, 16, 16, 15, 25
3,mdblr,usage,C_Drawbridge,0, 16, 10, 44, 12
3,mdblr,usage,C_SallyPort,0, 20, 28, 20, 20
3,mdblr,usage,D_RoughTerrain,0, 9, 32, 3, 2
3,mdblr,usage,D_RockWall,0, 39, 10, 32, 43
3,mdblr,crossing,A_Portcullis,0, 36, 15, 24, 10
3,mdblr,breach,A_Portcullis,0, 18, 7, 12, 5
3,mdblr,crossing,A_ChevalDeFrise,0, 39, 47, 25, 22
3,mdblr,breach,A_ChevalDeFrise,0, 18, 23, 12, 10
3,mdblr,crossing,B_Ramparts,0, 32, 44, 34, 64
3,mdblr,breach,B_Ramparts,0, 15, 21, 17, 30
3,mdblr,crossing,B_Moat,0, 29, 30, 29, 46
3,mdblr,breach,B_Moat,0, 13, 14, 14, 22
3,mdblr,crossing,C_Drawbridge,0, 19, 6, 35, 6
3,mdblr,breach,C_Drawbridge,0, 7, 1, 16, 3
3,mdblr,crossing,C_SallyPort,0, 25, 30, 23, 27
3,mdblr,breach,C_SallyPort,0, 11, 13, 10, 13
3,mdblr,crossing,D_RoughTerrain,0, 18, 64, 6, 3
3,mdblr,breach,D_RoughTerrain,0, 9, 32, 3, 1
3,mdblr,crossing,D_RockWall,0, 71, 18, 55, 73
3,mdblr,breach,D_RockWall,0, 34, 9, 26, 34
3,mdblr,crossing,E_LowBar,330, 0, 0, 0, 0
3,mdblr,breach,E_LowBar,163, 0, 0, 0, 0
3,micen,usage,A_Portcullis,0, 21, 0, 4, 5
3,micen,usage,A_ChevalDeFrise,0, 64, 56, 22, 18
3,micen,usage,B_Ramparts,0, 15, 16, 30, 10
3,micen,usage,B_Moat,0, 28, 30, 48, 13
3,micen,usage,C_Drawbridge,0, 12, 0, 12, 22
3,micen,usage,C_SallyPort,0, 22, 44, 44, 34
3,micen,usage,D_RoughTerrain,0, 1, 44, 1, 15
3,micen,usage,D_RockWall,0, 27, 0, 29, 73
3,micen,crossing,A_Portcullis,0, 34, 0, 8, 6
3,micen,breach,A_Portcullis,0, 17, 0, 4, 3
3,micen,crossing,A_ChevalDeFrise,0, 73, 80, 30, 20
3,micen,breach,A_ChevalDeFrise,0, 34, 37, 14, 9
3,micen,crossing,B_Ramparts,0, 25, 27, 55, 19
3,micen,breach,B_Ramparts,0, 12, 13, 26, 9
3,micen,crossing,B_Moat,0, 50, 49, 78, 24
3,micen,breach,B_Moat,0, 23, 23, 36, 12
3,micen,crossing,C_Drawbridge,0, 6, 0, 9, 14
3,micen,breach,C_Drawbridge,0, 2, 0, 4, 6
3,micen,crossing,C_SallyPort,0, 19, 53, 41, 33
3,micen,breach,C_SallyPort,0, 7, 22, 16, 13
3,micen,crossing,D_RoughTerrain,0, 2, 87, 2, 29
3,micen,breach,D_RoughTerrain,0, 1, 43, 1, 14
3,micen,crossing,D_RockWall,0, 43, 0, 41, 128
3,micen,breach,D_RockWall,0, 21, 0, 18, 62
3,micen,crossing,E_LowBar,334, 0, 0, 0, 0
3,micen,breach,E_LowBar,159, 0, 0, 0, 0
3,miesc,usage,A_Portcullis,0, 34, 24, 10, 8
3,miesc,usage,A_ChevalDeFrise,0, 54, 34, 19, 13
3,miesc,usage,B_Ramparts,0, 30, 16, 30, 21
3,miesc,usage,B_Moat,0, 22, 28, 33, 16
3,miesc,usage,C_Drawbridge,0, 20, 0, 26, 21
3,miesc,usage,C_SallyPort,0, 20, 44, 42, 23
3,miesc,usage,D_RoughTerrain,0, 7, 36, 8, 16
3,miesc,usage,D_RockWall,0, 9, 14, 28, 78
3,miesc,usage,NotSpecified,0, 2, 2, 2, 2
3,miesc,crossing,A_Portcullis,0, 50, 43, 14, 10
3,miesc,breach,A_Portcullis,0, 25, 20, 6, 5
3,miesc,crossing,A_ChevalDeFrise,0, 48, 41, 26, 20
3,miesc,breach,A_ChevalDeFrise,0, 22, 17, 12, 9
3,miesc,crossing,B_Ramparts,0, 57, 26, 55, 36
3,miesc,breach,B_Ramparts,0, 27, 12, 26, 18
3,miesc,crossing,B_Moat,0, 37, 51, 63, 31
3,miesc,breach,B_Moat,0, 17, 25, 31, 15
3,miesc,crossing,C_Drawbridge,0, 10, 0, 17, 7
3,miesc,breach,C_Drawbridge,0, 4, 0, 5, 3
3,miesc,crossing,C_SallyPort,0, 19, 46, 39, 27
3,miesc,breach,C_SallyPort,0, 9, 20, 18, 11
3,miesc,crossing,D_RoughTerrain,0, 14, 69, 14, 30
3,miesc,breach,D_RoughTerrain,0, 7, 34, 6, 15
3,miesc,crossing,D_RockWall,0, 17, 27, 50, 121
3,miesc,breach,D_RockWall,0, 8, 13, 24, 56
3,miesc,crossing,E_LowBar,383, 0, 0, 0, 0
3,miesc,breach,E_LowBar,189, 0, 0, 0, 0
3,miesc,crossing,NotSpecified,0, 4, 2, 2, 3
3,miesc,breach,NotSpecified,0, 2, 1, 1, 1
3,mimid,usage,A_Portcullis,0, 26, 0, 18, 13
3,mimid,usage,A_ChevalDeFrise,0, 44, 48, 31, 14
3,mimid,usage,B_Ramparts,0, 33, 1, 44, 16
3,mimid,usage,B_Moat,0, 14, 58, 14, 14
3,mimid,usage,C_Drawbridge,0, 13, 0, 12, 23
3,mimid,usage,C_SallyPort,0, 32, 45, 37, 32
3,mimid,usage,D_RoughTerrain,0, 1, 42, 3, 6
3,mimid,usage,D_RockWall,0, 31, 0, 35, 76
3,mimid,crossing,A_Portcullis,0, 44, 0, 24, 22
3,mimid,breach,A_Portcullis,0, 22, 0, 12, 11
3,mimid,crossing,A_ChevalDeFrise,0, 61, 62, 51, 21
3,mimid,breach,A_ChevalDeFrise,0, 28, 28, 24, 10
3,mimid,crossing,B_Ramparts,0, 60, 2, 82, 32
3,mimid,breach,B_Ramparts,0, 29, 1, 40, 16
3,mimid,crossing,B_Moat,0, 26, 112, 28, 27
3,mimid,breach,B_Moat,0, 13, 55, 14, 13
3,mimid,crossing,C_Drawbridge,0, 5, 0, 5, 14
3,mimid,breach,C_Drawbridge,0, 2, 0, 1, 5
3,mimid,crossing,C_SallyPort,0, 36, 40, 31, 28
3,mimid,breach,C_SallyPort,0, 16, 16, 14, 14
3,mimid,crossing,D_RoughTerrain,0, 2, 83, 6, 12
3,mimid,breach,D_RoughTerrain,0, 1, 41, 3, 6
3,mimid,crossing,D_RockWall,0, 60, 0, 68, 145
3,mimid,breach,D_RockWall,0, 29, 0, 33, 70
3,mimid,crossing,E_LowBar,378, 0, 0, 0, 0
3,mimid,breach,E_LowBar,188, 0, 0, 0, 0
3,inwch,usage,A_Portcullis,0, 14, 0, 6, 4
3,inwch,usage,A_ChevalDeFrise,0, 62, 44, 30, 20
3,inwch,usage,B_Ramparts,0, 18, 24, 31, 29
3,inwch,usage,B_Moat,0, 20, 26, 24, 8
3,inwch,usage,C_Drawbridge,0, 3, 12, 7, 11
3,inwch,usage,C_SallyPort,0, 23, 34, 55, 35
3,inwch,usage,D_RoughTerrain,0, 2, 40, 2, 6
3,inwch,usage,D_RockWall,0, 38, 0, 25, 67
3,inwch,crossing,A_Portcullis,0, 22, 0, 10, 8
3,inwch,breach,A_Portcullis,0, 11, 0, 5, 4
3,inwch,crossing,A_ChevalDeFrise,0, 112, 78, 58, 35
3,inwch,breach,A_ChevalDeFrise,0, 55, 39, 28, 17
3,inwch,crossing,B_Ramparts,0, 36, 44, 58, 54
3,inwch,breach,B_Ramparts,0, 18, 21, 28, 26
3,inwch,crossing,B_Moat,0, 36, 50, 48, 15
3,inwch,breach,B_Moat,0, 18, 25, 24, 7
3,inwch,crossing,C_Drawbridge,0, 0, 9, 5, 5
3,inwch,breach,C_Drawbridge,0, 0, 4, 2, 1
3,inwch,crossing,C_SallyPort,0, 30, 28, 49, 39
3,inwch,breach,C_SallyPort,0, 13, 13, 17, 18
3,inwch,crossing,D_RoughTerrain,0, 4, 80, 4, 10
3,inwch,breach,D_RoughTerrain,0, 2, 40, 2, 5
3,inwch,crossing,D_RockWall,0, 74, 0, 49, 126
3,inwch,breach,D_RockWall,0, 36, 0, 24, 62
3,inwch,crossing,E_LowBar,354, 0, 0, 0, 0
3,inwch,breach,E_LowBar,175, 0, 0, 0, 0
3,njtab,usage,A_Portcullis,0, 24, 8, 22, 19
3,njtab,usage,A_ChevalDeFrise,0, 21, 36, 28, 24
3,njtab,usage,B_Ramparts,0, 18, 32, 24, 26
3,njtab,usage,B_Moat,0, 29, 12, 21, 20
3,njtab,usage,C_Drawbridge,0, 26, 0, 15, 19
3,njtab,usage,C_SallyPort,0, 26, 44, 29, 23
3,njtab,usage,D_RoughTerrain,0, 15, 44, 9, 8
3,njtab,usage,D_RockWall,0, 23, 6, 34, 43
3,njtab,crossing,A_Portcullis,0, 29, 10, 19, 19
3,njtab,breach,A_Portcullis,0, 13, 5, 7, 9
3,njtab,crossing,A_ChevalDeFrise,0, 28, 44, 31, 38
3,njtab,breach,A_ChevalDeFrise,0, 12, 19, 12, 18
3,njtab,crossing,B_Ramparts,0, 22, 57, 40, 32
3,njtab,breach,B_Ramparts,0, 9, 26, 19, 14
3,njtab,crossing,B_Moat,0, 45, 24, 39, 31
3,njtab,breach,B_Moat,0, 20, 12, 18, 15
3,njtab,crossing,C_Drawbridge,0, 11, 0, 6, 8
3,njtab,breach,C_Drawbridge,0, 4, 0, 2, 2
3,njtab,crossing,C_SallyPort,0, 18, 41, 19, 16
3,njtab,breach,C_SallyPort,0, 9, 18, 7, 6
3,njtab,crossing,D_RoughTerrain,0, 28, 85, 18, 16
3,njtab,breach,D_RoughTerrain,0, 14, 41, 9, 8
3,njtab,crossing,D_RockWall,0, 38, 12, 62, 73
3,njtab,breach,D_RockWall,0, 17, 6, 30, 34
3,njtab,crossing,E_LowBar,348, 0, 0, 0, 0
3,njtab,breach,E_LowBar,172, 0, 0, 0, 0
3,paphi,usage,A_Portcullis,0, 9, 0, 12, 10
3,paphi,usage,A_ChevalDeFrise,0, 36, 38, 22, 29
3,paphi,usage,B_Ramparts,0, 24, 18, 28, 15
3,paphi,usage,B_Moat,0, 19, 20, 19, 13
3,paphi,usage,C_Drawbridge,0, 12, 0, 16, 21
3,paphi,usage,C_SallyPort,0, 17, 40, 23, 27
3,paphi,usage,D_RoughTerrain,0, 11, 30, 6, 6
3,paphi,usage,D_RockWall,0, 28, 10, 30, 35
3,paphi,crossing,A_Portcullis,0, 15, 0, 23, 16
3,paphi,breach,A_Portcullis,0, 7, 0, 11, 8
3,paphi,crossing,A_ChevalDeFrise,0, 38, 53, 35, 49
3,paphi,breach,A_ChevalDeFrise,0, 17, 24, 17, 23
3,paphi,crossing,B_Ramparts,0, 44, 29, 52, 30
3,paphi,breach,B_Ramparts,0, 21, 14, 26, 15
3,paphi,crossing,B_Moat,0, 35, 40, 38, 25
3,paphi,breach,B_Moat,0, 17, 20, 19, 12
3,paphi,crossing,C_Drawbridge,0, 10, 0, 6, 9
3,paphi,breach,C_Drawbridge,0, 4, 0, 2, 4
3,paphi,crossing,C_SallyPort,0, 28, 52, 23, 34
3,paphi,breach,C_SallyPort,0, 13, 25, 9, 16
3,paphi,crossing,D_RoughTerrain,0, 22, 60, 12, 12
3,paphi,breach,D_RoughTerrain,0, 11, 30, 6, 6
3,paphi,crossing,D_RockWall,0, 56, 19, 57, 70
3,paphi,breach,D_RockWall,0, 28, 9, 28, 35
3,paphi,crossing,E_LowBar,301, 0, 0, 0, 0
3,paphi,breach,E_LowBar,147, 0, 0, 0, 0
3,ncash,usage,A_Portcullis,0, 19, 8, 3, 11
3,ncash,usage,A_ChevalDeFrise,0, 30, 30, 23, 6
3,ncash,usage,B_Ramparts,0, 15, 0, 27, 18
3,ncash,usage,B_Moat,0, 7, 32, 16, 15
3,ncash,usage,C_Drawbridge,0, 9, 0, 10, 8
3,ncash,usage,C_SallyPort,0, 29, 28, 24, 22
3,ncash,usage,D_RoughTerrain,0, 3, 32, 4, 1
3,ncash,usage,D_RockWall,0, 18, 0, 23, 49
3,ncash,crossing,A_Portcullis,0, 30, 13, 5, 22
3,ncash,breach,A_Portcullis,0, 15, 6, 2, 11
3,ncash,crossing,A_ChevalDeFrise,0, 45, 43, 35, 8
3,ncash,breach,A_ChevalDeFrise,0, 22, 21, 16, 4
3,ncash,crossing,B_Ramparts,0, 29, 0, 45, 31
3,ncash,breach,B_Ramparts,0, 14, 0, 22, 15
3,ncash,crossing,B_Moat,0, 12, 58, 32, 28
3,ncash,breach,B_Moat,0, 6, 28, 16, 14
3,ncash,crossing,C_Drawbridge,0, 11, 0, 6, 6
3,ncash,breach,C_Drawbridge,0, 5, 0, 2, 2
3,ncash,crossing,C_SallyPort,0, 27, 30, 17, 15
3,ncash,breach,C_SallyPort,0, 13, 13, 6, 6
3,ncash,crossing,D_RoughTerrain,0, 6, 63, 8, 2
3,ncash,breach,D_RoughTerrain,0, 3, 31, 4, 1
3,ncash,crossing,D_RockWall,0, 34, 0, 41, 86
3,ncash,breach,D_RockWall,0, 17, 0, 19, 41
3,ncash,crossing,E_LowBar,253, 0, 0, 0, 0
3,ncash,breach,E_LowBar,124, 0, 0, 0, 0
3,manda,usage,A_Portcullis,0, 17, 10, 6, 11
3,manda,usage,A_ChevalDeFrise,0, 55, 30, 11, 20
3,manda,usage,B_Ramparts,0, 18, 24, 42, 18
3,manda,usage,B_Moat,0, 9, 18, 20, 11
3,manda,usage,C_Drawbridge,0, 6, 20, 6, 3
3,manda,usage,C_SallyPort,0, 30, 18, 40, 37
3,manda,usage,D_RoughTerrain,0, 2, 40, 2, 7
3,manda,usage,D_RockWall,0, 23, 0, 33, 53
3,manda,crossing,A_Portcullis,0, 21, 17, 8, 20
3,manda,breach,A_Portcullis,0, 9, 8, 4, 10
3,manda,crossing,A_ChevalDeFrise,0, 83, 52, 10, 26
3,manda,breach,A_ChevalDeFrise,0, 40, 26, 4, 11
3,manda,crossing,B_Ramparts,0, 34, 45, 78, 34
3,manda,breach,B_Ramparts,0, 17, 22, 37, 16
3,manda,crossing,B_Moat,0, 13, 30, 34, 22
3,manda,breach,B_Moat,0, 6, 15, 17, 11
3,manda,crossing,C_Drawbridge,0, 2, 7, 4, 0
3,manda,breach,C_Drawbridge,0, 0, 2, 2, 0
3,manda,crossing,C_SallyPort,0, 20, 11, 15, 11
3,manda,breach,C_SallyPort,0, 7, 5, 6, 2
3,manda,crossing,D_RoughTerrain,0, 4, 80, 4, 14
3,manda,breach,D_RoughTerrain,0, 2, 40, 2, 7
3,manda,crossing,D_RockWall,0, 40, 0, 59, 97
3,manda,breach,D_RockWall,0, 19, 0, 28, 46
3,manda,crossing,E_LowBar,307, 0, 0, 0, 0
3,manda,breach,E_LowBar,153, 0, 0, 0, 0
3,gaalb,usage,A_Portcullis,0, 24, 8, 7, 5
3,gaalb,usage,A_ChevalDeFrise,0, 29, 24, 17, 18
3,gaalb,usage,B_Ramparts,0, 21, 26, 29, 10
3,gaalb,usage,B_Moat,0, 14, 8, 18, 6
3,gaalb,usage,C_Drawbridge,0, 17, 8, 15, 15
3,gaalb,usage,C_SallyPort,0, 13, 26, 23, 15
3,gaalb,usage,D_RoughTerrain,0, 2, 28, 3, 12
3,gaalb,usage,D_RockWall,0, 12, 4, 20, 51
3,gaalb,crossing,A_Portcullis,0, 26, 6, 7, 5
3,gaalb,breach,A_Portcullis,0, 13, 3, 3, 2
3,gaalb,crossing,A_ChevalDeFrise,0, 32, 20, 16, 17
3,gaalb,breach,A_ChevalDeFrise,0, 16, 9, 7, 8
3,gaalb,crossing,B_Ramparts,0, 37, 40, 49, 18
3,gaalb,breach,B_Ramparts,0, 18, 19, 23, 8
3,gaalb,crossing,B_Moat,0, 22, 16, 32, 11
3,gaalb,breach,B_Moat,0, 9, 8, 15, 5
3,gaalb,crossing,C_Drawbridge,0, 9, 4, 7, 12
3,gaalb,breach,C_Drawbridge,0, 4, 1, 2, 4
3,gaalb,crossing,C_SallyPort,0, 20, 33, 32, 16
3,gaalb,breach,C_SallyPort,0, 9, 14, 13, 7
3,gaalb,crossing,D_RoughTerrain,0, 4, 54, 6, 23
3,gaalb,breach,D_RoughTerrain,0, 2, 27, 3, 11
3,gaalb,crossing,D_RockWall,0, 17, 8, 36, 87
3,gaalb,breach,D_RockWall,0, 7, 4, 17, 42
3,gaalb,crossing,E_LowBar,251, 0, 0, 0, 0
3,gaalb,breach,E_LowBar,122, 0, 0, 0, 0
3,gadal,usage,A_Portcullis,0, 18, 0, 3, 8
3,gadal,usage,A_ChevalDeFrise,0, 58, 32, 11, 8
3,gadal,usage,B_Ramparts,0, 12, 24, 41, 6
3,gadal,usage,B_Moat,0, 17, 8, 21, 9
3,gadal,usage,C_Drawbridge,0, 6, 16, 15, 19
3,gadal,usage,C_SallyPort,0, 13, 24, 30, 15
3,gadal,usage,D_RoughTerrain,0, 2, 26, 3, 6
3,gadal,usage,D_RockWall,0, 12, 8, 14, 67
3,gadal,crossing,A_Portcullis,0, 17, 0, 4, 12
3,gadal,breach,A_Portcullis,0, 8, 0, 2, 5
3,gadal,crossing,A_ChevalDeFrise,0, 75, 40, 8, 9
3,gadal,breach,A_ChevalDeFrise,0, 36, 18, 4, 4
3,gadal,crossing,B_Ramparts,0, 23, 44, 66, 6
3,gadal,breach,B_Ramparts,0, 11, 22, 32, 3
3,gadal,crossing,B_Moat,0, 33, 14, 37, 18
3,gadal,breach,B_Moat,0, 16, 7, 17, 9
3,gadal,crossing,C_Drawbridge,0, 3, 9, 12, 14
3,gadal,breach,C_Drawbridge,0, 1, 4, 5, 6
3,gadal,crossing,C_SallyPort,0, 18, 29, 30, 14
3,gadal,breach,C_SallyPort,0, 8, 14, 12, 5
3,gadal,crossing,D_RoughTerrain,0, 4, 51, 6, 11
3,gadal,breach,D_RoughTerrain,0, 2, 25, 3, 5
3,gadal,crossing,D_RockWall,0, 22, 11, 27, 120
3,gadal,breach,D_RockWall,0, 11, 5, 13, 58
3,gadal,crossing,E_LowBar,260, 0, 0, 0, 0
3,gadal,breach,E_LowBar,124, 0, 0, 0, 0
3,waell,usage,A_Portcullis,0, 23, 24, 9, 9
3,waell,usage,A_ChevalDeFrise,0, 47, 20, 30, 21
3,waell,usage,B_Ramparts,0, 18, 24, 38, 28
3,waell,usage,B_Moat,0, 17, 28, 17, 18
3,waell,usage,C_Drawbridge,0, 14, 0, 16, 18
3,waell,usage,C_SallyPort,0, 32, 44, 36, 23
3,waell,usage,D_RoughTerrain,0, 1, 12, 0, 2
3,waell,usage,D_RockWall,0, 31, 36, 37, 64
3,waell,usage,NotSpecified,0, 5, 0, 5, 5
3,waell,crossing,A_Portcullis,0, 27, 22, 12, 14
3,waell,breach,A_Portcullis,0, 13, 11, 6, 7
3,waell,crossing,A_ChevalDeFrise,0, 71, 36, 49, 26
3,waell,breach,A_ChevalDeFrise,0, 33, 18, 24, 12
3,waell,crossing,B_Ramparts,0, 34, 47, 64, 45
3,waell,breach,B_Ramparts,0, 17, 23, 29, 20
3,waell,crossing,B_Moat,0, 33, 52, 31, 34
3,waell,breach,B_Moat,0, 16, 25, 15, 16
3,waell,crossing,C_Drawbridge,0, 5, 0, 6, 3
3,waell,breach,C_Drawbridge,0, 2, 0, 3, 1
3,waell,crossing,C_SallyPort,0, 35, 35, 25, 18
3,waell,breach,C_SallyPort,0, 14, 11, 11, 6
3,waell,crossing,D_RoughTerrain,0, 2, 22, 0, 4
3,waell,breach,D_RoughTerrain,0, 1, 11, 0, 2
3,waell,crossing,D_RockWall,0, 57, 67, 70, 120
3,waell,breach,D_RockWall,0, 28, 33, 34, 58
3,waell,crossing,E_LowBar,358, 0, 0, 0, 0
3,waell,breach,E_LowBar,174, 0, 0, 0, 0
3,waell,crossing,NotSpecified,0, 7, 0, 7, 6
3,waell,breach,NotSpecified,0, 3, 0, 3, 3
3,wamou,usage,A_Portcullis,0, 14, 0, 7, 16
3,wamou,usage,A_ChevalDeFrise,0, 44, 50, 22, 21
3,wamou,usage,B_Ramparts,0, 25, 10, 30, 36
3,wamou,usage,B_Moat,0, 16, 34, 13, 10
3,wamou,usage,C_Drawbridge,0, 2, 0, 13, 12
3,wamou,usage,C_SallyPort,0, 35, 38, 41, 33
3,wamou,usage,D_RoughTerrain,0, 11, 42, 9, 8
3,wamou,usage,D_RockWall,0, 27, 0, 39, 38
3,wamou,crossing,A_Portcullis,0, 23, 0, 13, 30
3,wamou,breach,A_Portcullis,0, 11, 0, 6, 15
3,wamou,crossing,A_ChevalDeFrise,0, 64, 85, 35, 35
3,wamou,breach,A_ChevalDeFrise,0, 31, 41, 17, 17
3,wamou,crossing,B_Ramparts,0, 45, 20, 58, 70
3,wamou,breach,B_Ramparts,0, 21, 10, 29, 34
3,wamou,crossing,B_Moat,0, 31, 68, 24, 19
3,wamou,breach,B_Moat,0, 15, 34, 12, 9
3,wamou,crossing,C_Drawbridge,0, 2, 0, 6, 10
3,wamou,breach,C_Drawbridge,0, 1, 0, 3, 4
3,wamou,crossing,C_SallyPort,0, 34, 45, 37, 26
3,wamou,breach,C_SallyPort,0, 14, 22, 17, 12
3,wamou,crossing,D_RoughTerrain,0, 22, 84, 18, 16
3,wamou,breach,D_RoughTerrain,0, 11, 42, 9, 8
3,wamou,crossing,D_RockWall,0, 47, 0, 75, 72
3,wamou,breach,D_RockWall,0, 22, 0, 37, 35
3,wamou,crossing,E_LowBar,342, 0, 0, 0, 0
3,wamou,breach,E_LowBar,169, 0, 0, 0, 0
3,ausy,usage,A_Portcullis,0, 42, 0, 7, 8
3,ausy,usage,A_ChevalDeFrise,0, 65, 36, 11, 7
3,ausy,usage,B_Ramparts,0, 29, 38, 53, 2
3,ausy,usage,B_Moat,0, 9, 14, 21, 10
3,ausy,usage,C_Drawbridge,0, 9, 36, 29, 19
3,ausy,usage,C_SallyPort,0, 9, 14, 36, 24
3,ausy,usage,D_RoughTerrain,0, 1, 32, 1, 21
3,ausy,usage,D_RockWall,0, 12, 6, 18, 85
3,ausy,crossing,A_Portcullis,0, 49, 0, 8, 12
3,ausy,breach,A_Portcullis,0, 23, 0, 4, 6
3,ausy,crossing,A_ChevalDeFrise,0, 39, 35, 7, 8
3,ausy,breach,A_ChevalDeFrise,0, 17, 15, 3, 4
3,ausy,crossing,B_Ramparts,0, 44, 54, 77, 4
3,ausy,breach,B_Ramparts,0, 19, 23, 34, 2
3,ausy,crossing,B_Moat,0, 14, 20, 35, 17
3,ausy,breach,B_Moat,0, 7, 9, 17, 8
3,ausy,crossing,C_Drawbridge,0, 11, 22, 22, 19
3,ausy,breach,C_Drawbridge,0, 4, 8, 9, 6
3,ausy,crossing,C_SallyPort,0, 11, 19, 55, 26
3,ausy,breach,C_SallyPort,0, 5, 9, 25, 9
3,ausy,crossing,D_RoughTerrain,0, 2, 62, 2, 40
3,ausy,breach,D_RoughTerrain,0, 1, 31, 1, 20
3,ausy,crossing,D_RockWall,0, 20, 12, 30, 144
3,ausy,breach,D_RockWall,0, 9, 6, 15, 66
3,ausy,crossing,E_LowBar,332, 0, 0, 0, 0
3,ausy,breach,E_LowBar,160, 0, 0, 0, 0
3,lake,usage,A_Portcullis,0, 21, 26, 6, 10
3,lake,usage,A_ChevalDeFrise,0, 71, 36, 30, 22
3,lake,usage,B_Ramparts,0, 31, 26, 47, 29
3,lake,usage,B_Moat,0, 22, 24, 29, 14
3,lake,usage,C_Drawbridge,0, 19, 8, 25, 11
3,lake,usage,C_SallyPort,0, 37, 36, 41, 45
3,lake,usage,D_RoughTerrain,0, 3, 48, 8, 8
3,lake,usage,D_RockWall,0, 18, 18, 36, 83
3,lake,crossing,A_Portcullis,0, 27, 39, 6, 14
3,lake,breach,A_Portcullis,0, 12, 19, 3, 6
3,lake,crossing,A_ChevalDeFrise,0, 80, 30, 29, 23
3,lake,breach,A_ChevalDeFrise,0, 35, 14, 14, 11
3,lake,crossing,B_Ramparts,0, 52, 42, 82, 52
3,lake,breach,B_Ramparts,0, 24, 20, 40, 24
3,lake,crossing,B_Moat,0, 35, 45, 47, 23
3,lake,breach,B_Moat,0, 16, 22, 22, 11
3,lake,crossing,C_Drawbridge,0, 6, 0, 12, 5
3,lake,breach,C_Drawbridge,0, 2, 0, 5, 2
3,lake,crossing,C_SallyPort,0, 27, 41, 33, 40
3,lake,breach,C_SallyPort,0, 12, 18, 14, 16
3,lake,crossing,D_RoughTerrain,0, 6, 86, 14, 14
3,lake,breach,D_RoughTerrain,0, 3, 41, 7, 7
3,lake,crossing,D_RockWall,0, 32, 32, 55, 134
3,lake,breach,D_RockWall,0, 16, 15, 24, 62
3,lake,crossing,E_LowBar,402, 0, 0, 0, 0
3,lake,breach,E_LowBar,192, 0, 0, 0, 0
3,ohcl,usage,A_Portcullis,0, 27, 0, 14, 14
3,ohcl,usage,A_ChevalDeFrise,0, 53, 54, 26, 18
3,ohcl,usage,B_Ramparts,0, 16, 26, 23, 27
3,ohcl,usage,B_Moat,0, 25, 18, 38, 33
3,ohcl,usage,C_Drawbridge,0, 19, 36, 10, 15
3,ohcl,usage,C_SallyPort,0, 35, 10, 47, 34
3,ohcl,usage,D_RoughTerrain,0, 3, 62, 1, 4
3,ohcl,usage,D_RockWall,0, 28, 0, 47, 61
3,ohcl,crossing,A_Portcullis,0, 40, 0, 24, 26
3,ohcl,breach,A_Portcullis,0, 18, 0, 12, 12
3,ohcl,crossing,A_ChevalDeFrise,0, 95, 88, 37, 27
3,ohcl,breach,A_ChevalDeFrise,0, 45, 42, 17, 12
3,ohcl,crossing,B_Ramparts,0, 26, 50, 44, 52
3,ohcl,breach,B_Ramparts,0, 12, 24, 21, 25
3,ohcl,crossing,B_Moat,0, 47, 36, 70, 60
3,ohcl,breach,B_Moat,0, 23, 18, 34, 30
3,ohcl,crossing,C_Drawbridge,0, 11, 17, 4, 2
3,ohcl,breach,C_Drawbridge,0, 5, 7, 2, 1
3,ohcl,crossing,C_SallyPort,0, 23, 6, 29, 16
3,ohcl,breach,C_SallyPort,0, 7, 2, 12, 7
3,ohcl,crossing,D_RoughTerrain,0, 6, 122, 2, 8
3,ohcl,breach,D_RoughTerrain,0, 3, 61, 1, 4
3,ohcl,crossing,D_RockWall,0, 46, 0, 92, 111
3,ohcl,breach,D_RockWall,0, 22, 0, 45, 53
3,ohcl,crossing,E_LowBar,396, 0, 0, 0, 0
3,ohcl,breach,E_LowBar,195, 0, 0, 0, 0
3,ilpe,usage,A_Portcullis,0, 28, 14, 8, 11
3,ilpe,usage,A_ChevalDeFrise,0, 44, 16, 28, 17
3,ilpe,usage,B_Ramparts,0, 17, 24, 16, 16
3,ilpe,usage,B_Moat,0, 20, 20, 33, 20
3,ilpe,usage,C_Drawbridge,0, 15, 22, 11, 13
3,ilpe,usage,C_SallyPort,0, 23, 24, 33, 25
3,ilpe,usage,D_RoughTerrain,0, 4, 24, 5, 9
3,ilpe,usage,D_RockWall,0, 15, 22, 32, 55
3,ilpe,crossing,A_Portcullis,0, 43, 19, 16, 19
3,ilpe,breach,A_Portcullis,0, 21, 8, 8, 8
3,ilpe,crossing,A_ChevalDeFrise,0, 72, 22, 45, 30
3,ilpe,breach,A_ChevalDeFrise,0, 33, 10, 21, 14
3,ilpe,crossing,B_Ramparts,0, 31, 42, 32, 30
3,ilpe,breach,B_Ramparts,0, 15, 19, 16, 14
3,ilpe,crossing,B_Moat,0, 36, 39, 59, 37
3,ilpe,breach,B_Moat,0, 17, 19, 29, 18
3,ilpe,crossing,C_Drawbridge,0, 3, 5, 4, 3
3,ilpe,breach,C_Drawbridge,0, 0, 2, 2, 0
3,ilpe,crossing,C_SallyPort,0, 16, 16, 17, 17
3,ilpe,breach,C_SallyPort,0, 6, 6, 6, 7
3,ilpe,crossing,D_RoughTerrain,0, 5, 47, 10, 18
3,ilpe,breach,D_RoughTerrain,0, 2, 23, 5, 9
3,ilpe,crossing,D_RockWall,0, 28, 42, 60, 100
3,ilpe,breach,D_RockWall,0, 13, 21, 29, 49
3,ilpe,crossing,E_LowBar,320, 0, 0, 0, 0
3,ilpe,breach,E_LowBar,156, 0, 0, 0, 0
3,nytr,usage,A_Portcullis,0, 32, 0, 8, 14
3,nytr,usage,A_ChevalDeFrise,0, 54, 46, 9, 17
3,nytr,usage,B_Ramparts,0, 19, 42, 45, 18
3,nytr,usage,B_Moat,0, 10, 0, 31, 15
3,nytr,usage,C_Drawbridge,0, 15, 0, 19, 17
3,nytr,usage,C_SallyPort,0, 23, 44, 38, 24
3,nytr,usage,D_RoughTerrain,0, 5, 36, 4, 12
3,nytr,usage,D_RockWall,0, 22, 12, 26, 63
3,nytr,crossing,A_Portcullis,0, 43, 0, 6, 16
3,nytr,breach,A_Portcullis,0, 21, 0, 3, 7
3,nytr,crossing,A_ChevalDeFrise,0, 84, 76, 14, 20
3,nytr,breach,A_ChevalDeFrise,0, 40, 36, 7, 8
3,nytr,crossing,B_Ramparts,0, 31, 71, 79, 32
3,nytr,breach,B_Ramparts,0, 15, 34, 38, 15
3,nytr,crossing,B_Moat,0, 16, 0, 50, 29
3,nytr,breach,B_Moat,0, 7, 0, 24, 14
3,nytr,crossing,C_Drawbridge,0, 3, 0, 4, 3
3,nytr,breach,C_Drawbridge,0, 1, 0, 2, 1
3,nytr,crossing,C_SallyPort,0, 25, 43, 45, 17
3,nytr,breach,C_SallyPort,0, 10, 20, 21, 7
3,nytr,crossing,D_RoughTerrain,0, 10, 72, 8, 23
3,nytr,breach,D_RoughTerrain,0, 5, 36, 4, 11
3,nytr,crossing,D_RockWall,0, 41, 24, 45, 108
3,nytr,breach,D_RockWall,0, 20, 12, 22, 52
3,nytr,crossing,E_LowBar,342, 0, 0, 0, 0
3,nytr,breach,E_LowBar,166, 0, 0, 0, 0
3,utwv,usage,A_Portcullis,0, 18, 8, 5, 9
3,utwv,usage,A_ChevalDeFrise,0, 48, 36, 24, 24
3,utwv,usage,B_Ramparts,0, 13, 24, 29, 23
3,utwv,usage,B_Moat,0, 16, 16, 27, 24
3,utwv,usage,C_Drawbridge,0, 13, 0, 15, 9
3,utwv,usage,C_SallyPort,0, 29, 44, 41, 21
3,utwv,usage,D_RoughTerrain,0, 4, 0, 1, 3
3,utwv,usage,D_RockWall,0, 31, 44, 30, 59
3,utwv,crossing,A_Portcullis,0, 28, 14, 10, 11
3,utwv,breach,A_Portcullis,0, 13, 7, 5, 5
3,utwv,crossing,A_ChevalDeFrise,0, 72, 47, 40, 33
3,utwv,breach,A_ChevalDeFrise,0, 34, 22, 18, 14
3,utwv,crossing,B_Ramparts,0, 23, 41, 47, 42
3,utwv,breach,B_Ramparts,0, 11, 18, 21, 20
3,utwv,crossing,B_Moat,0, 28, 32, 44, 40
3,utwv,breach,B_Moat,0, 13, 16, 21, 18
3,utwv,crossing,C_Drawbridge,0, 4, 0, 3, 2
3,utwv,breach,C_Drawbridge,0, 1, 0, 1, 1
3,utwv,crossing,C_SallyPort,0, 20, 27, 30, 9
3,utwv,breach,C_SallyPort,0, 9, 11, 12, 3
3,utwv,crossing,D_RoughTerrain,0, 8, 0, 2, 6
3,utwv,breach,D_RoughTerrain,0, 4, 0, 1, 3
3,utwv,crossing,D_RockWall,0, 55, 81, 51, 105
3,utwv,breach,D_RockWall,0, 27, 38, 25, 50
3,utwv,crossing,E_LowBar,332, 0, 0, 0, 0
3,utwv,breach,E_LowBar,164, 0, 0, 0, 0
